date,y,m,d,dow,trading,eom,prev_trading_day
2015-04-11,2015,4,11,Sat,0,0,2015-04-10
2015-04-12,2015,4,12,Sun,0,0,2015-04-10
2015-04-13,2015,4,13,Mon,1,0,2015-04-10
2015-04-14,2015,4,14,Tue,1,0,2015-04-13
2015-04-15,2015,4,15,Wed,1,0,2015-04-14
2015-04-16,2015,4,16,Thu,1,0,2015-04-15
2015-04-17,2015,4,17,Fri,1,0,2015-04-16
2015-04-18,2015,4,18,Sat,0,0,2015-04-17
2015-04-19,2015,4,19,Sun,0,0,2015-04-17
2015-04-20,2015,4,20,Mon,1,0,2015-04-17
2015-04-21,2015,4,21,Tue,1,0,2015-04-20
2015-04-22,2015,4,22,Wed,1,0,2015-04-21
2015-04-23,2015,4,23,Thu,1,0,2015-04-22
2015-04-24,2015,4,24,Fri,1,0,2015-04-23
2015-04-25,2015,4,25,Sat,0,0,2015-04-24
2015-04-26,2015,4,26,Sun,0,0,2015-04-24
2015-04-27,2015,4,27,Mon,1,0,2015-04-24
2015-04-28,2015,4,28,Tue,1,0,2015-04-27
2015-04-29,2015,4,29,Wed,1,0,2015-04-28
2015-04-30,2015,4,30,Thu,1,1,2015-04-29
2015-05-01,2015,5,1,Fri,1,0,2015-04-30
2015-05-02,2015,5,2,Sat,0,0,2015-05-01
2015-05-03,2015,5,3,Sun,0,0,2015-05-01
2015-05-04,2015,5,4,Mon,1,0,2015-05-01
2015-05-05,2015,5,5,Tue,1,0,2015-05-04
2015-05-06,2015,5,6,Wed,1,0,2015-05-05
2015-05-07,2015,5,7,Thu,1,0,2015-05-06
2015-05-08,2015,5,8,Fri,1,0,2015-05-07
2015-05-09,2015,5,9,Sat,0,0,2015-05-08
2015-05-10,2015,5,10,Sun,0,0,2015-05-08
2015-05-11,2015,5,11,Mon,1,0,2015-05-08
2015-05-12,2015,5,12,Tue,1,0,2015-05-11
2015-05-13,2015,5,13,Wed,1,0,2015-05-12
2015-05-14,2015,5,14,Thu,1,0,2015-05-13
2015-05-15,2015,5,15,Fri,1,0,2015-05-14
2015-05-16,2015,5,16,Sat,0,0,2015-05-15
2015-05-17,2015,5,17,Sun,0,0,2015-05-15
2015-05-18,2015,5,18,Mon,1,0,2015-05-15
2015-05-19,2015,5,19,Tue,1,0,2015-05-18
2015-05-20,2015,5,20,Wed,1,0,2015-05-19
2015-05-21,2015,5,21,Thu,1,0,2015-05-20
2015-05-22,2015,5,22,Fri,1,0,2015-05-21
2015-05-23,2015,5,23,Sat,0,0,2015-05-22
2015-05-24,2015,5,24,Sun,0,0,2015-05-22
2015-05-25,2015,5,25,Mon,0,0,2015-05-22
2015-05-26,2015,5,26,Tue,1,0,2015-05-22
2015-05-27,2015,5,27,Wed,1,0,2015-05-26
2015-05-28,2015,5,28,Thu,1,0,2015-05-27
2015-05-29,2015,5,29,Fri,1,1,2015-05-28
2015-05-30,2015,5,30,Sat,0,0,2015-05-29
2015-05-31,2015,5,31,Sun,0,0,2015-05-29
2015-06-01,2015,6,1,Mon,1,0,2015-05-29
2015-06-02,2015,6,2,Tue,1,0,2015-06-01
2015-06-03,2015,6,3,Wed,1,0,2015-06-02
2015-06-04,2015,6,4,Thu,1,0,2015-06-03
2015-06-05,2015,6,5,Fri,1,0,2015-06-04
2015-06-06,2015,6,6,Sat,0,0,2015-06-05
2015-06-07,2015,6,7,Sun,0,0,2015-06-05
2015-06-08,2015,6,8,Mon,1,0,2015-06-05
2015-06-09,2015,6,9,Tue,1,0,2015-06-08
2015-06-10,2015,6,10,Wed,1,0,2015-06-09
2015-06-11,2015,6,11,Thu,1,0,2015-06-10
2015-06-12,2015,6,12,Fri,1,0,2015-06-11
2015-06-13,2015,6,13,Sat,0,0,2015-06-12
2015-06-14,2015,6,14,Sun,0,0,2015-06-12
2015-06-15,2015,6,15,Mon,1,0,2015-06-12
2015-06-16,2015,6,16,Tue,1,0,2015-06-15
2015-06-17,2015,6,17,Wed,1,0,2015-06-16
2015-06-18,2015,6,18,Thu,1,0,2015-06-17
2015-06-19,2015,6,19,Fri,1,0,2015-06-18
2015-06-20,2015,6,20,Sat,0,0,2015-06-19
2015-06-21,2015,6,21,Sun,0,0,2015-06-19
2015-06-22,2015,6,22,Mon,1,0,2015-06-19
2015-06-23,2015,6,23,Tue,1,0,2015-06-22
2015-06-24,2015,6,24,Wed,1,0,2015-06-23
2015-06-25,2015,6,25,Thu,1,0,2015-06-24
2015-06-26,2015,6,26,Fri,1,0,2015-06-25
2015-06-27,2015,6,27,Sat,0,0,2015-06-26
2015-06-28,2015,6,28,Sun,0,0,2015-06-26
2015-06-29,2015,6,29,Mon,1,0,2015-06-26
2015-06-30,2015,6,30,Tue,1,1,2015-06-29
2015-07-01,2015,7,1,Wed,1,0,2015-06-30
2015-07-02,2015,7,2,Thu,1,0,2015-07-01
2015-07-03,2015,7,3,Fri,0,0,2015-07-02
2015-07-04,2015,7,4,Sat,0,0,2015-07-02
2015-07-05,2015,7,5,Sun,0,0,2015-07-02
2015-07-06,2015,7,6,Mon,1,0,2015-07-02
2015-07-07,2015,7,7,Tue,1,0,2015-07-06
2015-07-08,2015,7,8,Wed,1,0,2015-07-07
2015-07-09,2015,7,9,Thu,1,0,2015-07-08
2015-07-10,2015,7,10,Fri,1,0,2015-07-09
2015-07-11,2015,7,11,Sat,0,0,2015-07-10
2015-07-12,2015,7,12,Sun,0,0,2015-07-10
2015-07-13,2015,7,13,Mon,1,0,2015-07-10
2015-07-14,2015,7,14,Tue,1,0,2015-07-13
2015-07-15,2015,7,15,Wed,1,0,2015-07-14
2015-07-16,2015,7,16,Thu,1,0,2015-07-15
2015-07-17,2015,7,17,Fri,1,0,2015-07-16
2015-07-18,2015,7,18,Sat,0,0,2015-07-17
2015-07-19,2015,7,19,Sun,0,0,2015-07-17
2015-07-20,2015,7,20,Mon,1,0,2015-07-17
2015-07-21,2015,7,21,Tue,1,0,2015-07-20
2015-07-22,2015,7,22,Wed,1,0,2015-07-21
2015-07-23,2015,7,23,Thu,1,0,2015-07-22
2015-07-24,2015,7,24,Fri,1,0,2015-07-23
2015-07-25,2015,7,25,Sat,0,0,2015-07-24
2015-07-26,2015,7,26,Sun,0,0,2015-07-24
2015-07-27,2015,7,27,Mon,1,0,2015-07-24
2015-07-28,2015,7,28,Tue,1,0,2015-07-27
2015-07-29,2015,7,29,Wed,1,0,2015-07-28
2015-07-30,2015,7,30,Thu,1,0,2015-07-29
2015-07-31,2015,7,31,Fri,1,1,2015-07-30
2015-08-01,2015,8,1,Sat,0,0,2015-07-31
2015-08-02,2015,8,2,Sun,0,0,2015-07-31
2015-08-03,2015,8,3,Mon,1,0,2015-07-31
2015-08-04,2015,8,4,Tue,1,0,2015-08-03
2015-08-05,2015,8,5,Wed,1,0,2015-08-04
2015-08-06,2015,8,6,Thu,1,0,2015-08-05
2015-08-07,2015,8,7,Fri,1,0,2015-08-06
2015-08-08,2015,8,8,Sat,0,0,2015-08-07
2015-08-09,2015,8,9,Sun,0,0,2015-08-07
2015-08-10,2015,8,10,Mon,1,0,2015-08-07
2015-08-11,2015,8,11,Tue,1,0,2015-08-10
2015-08-12,2015,8,12,Wed,1,0,2015-08-11
2015-08-13,2015,8,13,Thu,1,0,2015-08-12
2015-08-14,2015,8,14,Fri,1,0,2015-08-13
2015-08-15,2015,8,15,Sat,0,0,2015-08-14
2015-08-16,2015,8,16,Sun,0,0,2015-08-14
2015-08-17,2015,8,17,Mon,1,0,2015-08-14
2015-08-18,2015,8,18,Tue,1,0,2015-08-17
2015-08-19,2015,8,19,Wed,1,0,2015-08-18
2015-08-20,2015,8,20,Thu,1,0,2015-08-19
2015-08-21,2015,8,21,Fri,1,0,2015-08-20
2015-08-22,2015,8,22,Sat,0,0,2015-08-21
2015-08-23,2015,8,23,Sun,0,0,2015-08-21
2015-08-24,2015,8,24,Mon,1,0,2015-08-21
2015-08-25,2015,8,25,Tue,1,0,2015-08-24
2015-08-26,2015,8,26,Wed,1,0,2015-08-25
2015-08-27,2015,8,27,Thu,1,0,2015-08-26
2015-08-28,2015,8,28,Fri,1,0,2015-08-27
2015-08-29,2015,8,29,Sat,0,0,2015-08-28
2015-08-30,2015,8,30,Sun,0,0,2015-08-28
2015-08-31,2015,8,31,Mon,1,1,2015-08-28
2015-09-01,2015,9,1,Tue,1,0,2015-08-31
2015-09-02,2015,9,2,Wed,1,0,2015-09-01
2015-09-03,2015,9,3,Thu,1,0,2015-09-02
2015-09-04,2015,9,4,Fri,1,0,2015-09-03
2015-09-05,2015,9,5,Sat,0,0,2015-09-04
2015-09-06,2015,9,6,Sun,0,0,2015-09-04
2015-09-07,2015,9,7,Mon,0,0,2015-09-04
2015-09-08,2015,9,8,Tue,1,0,2015-09-04
2015-09-09,2015,9,9,Wed,1,0,2015-09-08
2015-09-10,2015,9,10,Thu,1,0,2015-09-09
2015-09-11,2015,9,11,Fri,1,0,2015-09-10
2015-09-12,2015,9,12,Sat,0,0,2015-09-11
2015-09-13,2015,9,13,Sun,0,0,2015-09-11
2015-09-14,2015,9,14,Mon,1,0,2015-09-11
2015-09-15,2015,9,15,Tue,1,0,2015-09-14
2015-09-16,2015,9,16,Wed,1,0,2015-09-15
2015-09-17,2015,9,17,Thu,1,0,2015-09-16
2015-09-18,2015,9,18,Fri,1,0,2015-09-17
2015-09-19,2015,9,19,Sat,0,0,2015-09-18
2015-09-20,2015,9,20,Sun,0,0,2015-09-18
2015-09-21,2015,9,21,Mon,1,0,2015-09-18
2015-09-22,2015,9,22,Tue,1,0,2015-09-21
2015-09-23,2015,9,23,Wed,1,0,2015-09-22
2015-09-24,2015,9,24,Thu,1,0,2015-09-23
2015-09-25,2015,9,25,Fri,1,0,2015-09-24
2015-09-26,2015,9,26,Sat,0,0,2015-09-25
2015-09-27,2015,9,27,Sun,0,0,2015-09-25
2015-09-28,2015,9,28,Mon,1,0,2015-09-25
2015-09-29,2015,9,29,Tue,1,0,2015-09-28
2015-09-30,2015,9,30,Wed,1,1,2015-09-29
2015-10-01,2015,10,1,Thu,1,0,2015-09-30
2015-10-02,2015,10,2,Fri,1,0,2015-10-01
2015-10-03,2015,10,3,Sat,0,0,2015-10-02
2015-10-04,2015,10,4,Sun,0,0,2015-10-02
2015-10-05,2015,10,5,Mon,1,0,2015-10-02
2015-10-06,2015,10,6,Tue,1,0,2015-10-05
2015-10-07,2015,10,7,Wed,1,0,2015-10-06
2015-10-08,2015,10,8,Thu,1,0,2015-10-07
2015-10-09,2015,10,9,Fri,1,0,2015-10-08
2015-10-10,2015,10,10,Sat,0,0,2015-10-09
2015-10-11,2015,10,11,Sun,0,0,2015-10-09
2015-10-12,2015,10,12,Mon,1,0,2015-10-09
2015-10-13,2015,10,13,Tue,1,0,2015-10-12
2015-10-14,2015,10,14,Wed,1,0,2015-10-13
2015-10-15,2015,10,15,Thu,1,0,2015-10-14
2015-10-16,2015,10,16,Fri,1,0,2015-10-15
2015-10-17,2015,10,17,Sat,0,0,2015-10-16
2015-10-18,2015,10,18,Sun,0,0,2015-10-16
2015-10-19,2015,10,19,Mon,1,0,2015-10-16
2015-10-20,2015,10,20,Tue,1,0,2015-10-19
2015-10-21,2015,10,21,Wed,1,0,2015-10-20
2015-10-22,2015,10,22,Thu,1,0,2015-10-21
2015-10-23,2015,10,23,Fri,1,0,2015-10-22
2015-10-24,2015,10,24,Sat,0,0,2015-10-23
2015-10-25,2015,10,25,Sun,0,0,2015-10-23
2015-10-26,2015,10,26,Mon,1,0,2015-10-23
2015-10-27,2015,10,27,Tue,1,0,2015-10-26
2015-10-28,2015,10,28,Wed,1,0,2015-10-27
2015-10-29,2015,10,29,Thu,1,0,2015-10-28
2015-10-30,2015,10,30,Fri,1,1,2015-10-29
2015-10-31,2015,10,31,Sat,0,0,2015-10-30
2015-11-01,2015,11,1,Sun,0,0,2015-10-30
2015-11-02,2015,11,2,Mon,1,0,2015-10-30
2015-11-03,2015,11,3,Tue,1,0,2015-11-02
2015-11-04,2015,11,4,Wed,1,0,2015-11-03
2015-11-05,2015,11,5,Thu,1,0,2015-11-04
2015-11-06,2015,11,6,Fri,1,0,2015-11-05
2015-11-07,2015,11,7,Sat,0,0,2015-11-06
2015-11-08,2015,11,8,Sun,0,0,2015-11-06
2015-11-09,2015,11,9,Mon,1,0,2015-11-06
2015-11-10,2015,11,10,Tue,1,0,2015-11-09
2015-11-11,2015,11,11,Wed,1,0,2015-11-10
2015-11-12,2015,11,12,Thu,1,0,2015-11-11
2015-11-13,2015,11,13,Fri,1,0,2015-11-12
2015-11-14,2015,11,14,Sat,0,0,2015-11-13
2015-11-15,2015,11,15,Sun,0,0,2015-11-13
2015-11-16,2015,11,16,Mon,1,0,2015-11-13
2015-11-17,2015,11,17,Tue,1,0,2015-11-16
2015-11-18,2015,11,18,Wed,1,0,2015-11-17
2015-11-19,2015,11,19,Thu,1,0,2015-11-18
2015-11-20,2015,11,20,Fri,1,0,2015-11-19
2015-11-21,2015,11,21,Sat,0,0,2015-11-20
2015-11-22,2015,11,22,Sun,0,0,2015-11-20
2015-11-23,2015,11,23,Mon,1,0,2015-11-20
2015-11-24,2015,11,24,Tue,1,0,2015-11-23
2015-11-25,2015,11,25,Wed,1,0,2015-11-24
2015-11-26,2015,11,26,Thu,0,0,2015-11-25
2015-11-27,2015,11,27,Fri,1,0,2015-11-25
2015-11-28,2015,11,28,Sat,0,0,2015-11-27
2015-11-29,2015,11,29,Sun,0,0,2015-11-27
2015-11-30,2015,11,30,Mon,1,1,2015-11-27
2015-12-01,2015,12,1,Tue,1,0,2015-11-30
2015-12-02,2015,12,2,Wed,1,0,2015-12-01
2015-12-03,2015,12,3,Thu,1,0,2015-12-02
2015-12-04,2015,12,4,Fri,1,0,2015-12-03
2015-12-05,2015,12,5,Sat,0,0,2015-12-04
2015-12-06,2015,12,6,Sun,0,0,2015-12-04
2015-12-07,2015,12,7,Mon,1,0,2015-12-04
2015-12-08,2015,12,8,Tue,1,0,2015-12-07
2015-12-09,2015,12,9,Wed,1,0,2015-12-08
2015-12-10,2015,12,10,Thu,1,0,2015-12-09
2015-12-11,2015,12,11,Fri,1,0,2015-12-10
2015-12-12,2015,12,12,Sat,0,0,2015-12-11
2015-12-13,2015,12,13,Sun,0,0,2015-12-11
2015-12-14,2015,12,14,Mon,1,0,2015-12-11
2015-12-15,2015,12,15,Tue,1,0,2015-12-14
2015-12-16,2015,12,16,Wed,1,0,2015-12-15
2015-12-17,2015,12,17,Thu,1,0,2015-12-16
2015-12-18,2015,12,18,Fri,1,0,2015-12-17
2015-12-19,2015,12,19,Sat,0,0,2015-12-18
2015-12-20,2015,12,20,Sun,0,0,2015-12-18
2015-12-21,2015,12,21,Mon,1,0,2015-12-18
2015-12-22,2015,12,22,Tue,1,0,2015-12-21
2015-12-23,2015,12,23,Wed,1,0,2015-12-22
2015-12-24,2015,12,24,Thu,1,0,2015-12-23
2015-12-25,2015,12,25,Fri,0,0,2015-12-24
2015-12-26,2015,12,26,Sat,0,0,2015-12-24
2015-12-27,2015,12,27,Sun,0,0,2015-12-24
2015-12-28,2015,12,28,Mon,1,0,2015-12-24
2015-12-29,2015,12,29,Tue,1,0,2015-12-28
2015-12-30,2015,12,30,Wed,1,0,2015-12-29
2015-12-31,2015,12,31,Thu,1,1,2015-12-30
2016-01-01,2016,1,1,Fri,0,0,2015-12-31
2016-01-02,2016,1,2,Sat,0,0,2015-12-31
2016-01-03,2016,1,3,Sun,0,0,2015-12-31
2016-01-04,2016,1,4,Mon,1,0,2015-12-31
2016-01-05,2016,1,5,Tue,1,0,2016-01-04
2016-01-06,2016,1,6,Wed,1,0,2016-01-05
2016-01-07,2016,1,7,Thu,1,0,2016-01-06
2016-01-08,2016,1,8,Fri,1,0,2016-01-07
2016-01-09,2016,1,9,Sat,0,0,2016-01-08
2016-01-10,2016,1,10,Sun,0,0,2016-01-08
2016-01-11,2016,1,11,Mon,1,0,2016-01-08
2016-01-12,2016,1,12,Tue,1,0,2016-01-11
2016-01-13,2016,1,13,Wed,1,0,2016-01-12
2016-01-14,2016,1,14,Thu,1,0,2016-01-13
2016-01-15,2016,1,15,Fri,1,0,2016-01-14
2016-01-16,2016,1,16,Sat,0,0,2016-01-15
2016-01-17,2016,1,17,Sun,0,0,2016-01-15
2016-01-18,2016,1,18,Mon,0,0,2016-01-15
2016-01-19,2016,1,19,Tue,1,0,2016-01-15
2016-01-20,2016,1,20,Wed,1,0,2016-01-19
2016-01-21,2016,1,21,Thu,1,0,2016-01-20
2016-01-22,2016,1,22,Fri,1,0,2016-01-21
2016-01-23,2016,1,23,Sat,0,0,2016-01-22
2016-01-24,2016,1,24,Sun,0,0,2016-01-22
2016-01-25,2016,1,25,Mon,1,0,2016-01-22
2016-01-26,2016,1,26,Tue,1,0,2016-01-25
2016-01-27,2016,1,27,Wed,1,0,2016-01-26
2016-01-28,2016,1,28,Thu,1,0,2016-01-27
2016-01-29,2016,1,29,Fri,1,1,2016-01-28
2016-01-30,2016,1,30,Sat,0,0,2016-01-29
2016-01-31,2016,1,31,Sun,0,0,2016-01-29
2016-02-01,2016,2,1,Mon,1,0,2016-01-29
2016-02-02,2016,2,2,Tue,1,0,2016-02-01
2016-02-03,2016,2,3,Wed,1,0,2016-02-02
2016-02-04,2016,2,4,Thu,1,0,2016-02-03
2016-02-05,2016,2,5,Fri,1,0,2016-02-04
2016-02-06,2016,2,6,Sat,0,0,2016-02-05
2016-02-07,2016,2,7,Sun,0,0,2016-02-05
2016-02-08,2016,2,8,Mon,1,0,2016-02-05
2016-02-09,2016,2,9,Tue,1,0,2016-02-08
2016-02-10,2016,2,10,Wed,1,0,2016-02-09
2016-02-11,2016,2,11,Thu,1,0,2016-02-10
2016-02-12,2016,2,12,Fri,1,0,2016-02-11
2016-02-13,2016,2,13,Sat,0,0,2016-02-12
2016-02-14,2016,2,14,Sun,0,0,2016-02-12
2016-02-15,2016,2,15,Mon,0,0,2016-02-12
2016-02-16,2016,2,16,Tue,1,0,2016-02-12
2016-02-17,2016,2,17,Wed,1,0,2016-02-16
2016-02-18,2016,2,18,Thu,1,0,2016-02-17
2016-02-19,2016,2,19,Fri,1,0,2016-02-18
2016-02-20,2016,2,20,Sat,0,0,2016-02-19
2016-02-21,2016,2,21,Sun,0,0,2016-02-19
2016-02-22,2016,2,22,Mon,1,0,2016-02-19
2016-02-23,2016,2,23,Tue,1,0,2016-02-22
2016-02-24,2016,2,24,Wed,1,0,2016-02-23
2016-02-25,2016,2,25,Thu,1,0,2016-02-24
2016-02-26,2016,2,26,Fri,1,0,2016-02-25
2016-02-27,2016,2,27,Sat,0,0,2016-02-26
2016-02-28,2016,2,28,Sun,0,0,2016-02-26
2016-02-29,2016,2,29,Mon,1,1,2016-02-26
2016-03-01,2016,3,1,Tue,1,0,2016-02-29
2016-03-02,2016,3,2,Wed,1,0,2016-03-01
2016-03-03,2016,3,3,Thu,1,0,2016-03-02
2016-03-04,2016,3,4,Fri,1,0,2016-03-03
2016-03-05,2016,3,5,Sat,0,0,2016-03-04
2016-03-06,2016,3,6,Sun,0,0,2016-03-04
2016-03-07,2016,3,7,Mon,1,0,2016-03-04
2016-03-08,2016,3,8,Tue,1,0,2016-03-07
2016-03-09,2016,3,9,Wed,1,0,2016-03-08
2016-03-10,2016,3,10,Thu,1,0,2016-03-09
2016-03-11,2016,3,11,Fri,1,0,2016-03-10
2016-03-12,2016,3,12,Sat,0,0,2016-03-11
2016-03-13,2016,3,13,Sun,0,0,2016-03-11
2016-03-14,2016,3,14,Mon,1,0,2016-03-11
2016-03-15,2016,3,15,Tue,1,0,2016-03-14
2016-03-16,2016,3,16,Wed,1,0,2016-03-15
2016-03-17,2016,3,17,Thu,1,0,2016-03-16
2016-03-18,2016,3,18,Fri,1,0,2016-03-17
2016-03-19,2016,3,19,Sat,0,0,2016-03-18
2016-03-20,2016,3,20,Sun,0,0,2016-03-18
2016-03-21,2016,3,21,Mon,1,0,2016-03-18
2016-03-22,2016,3,22,Tue,1,0,2016-03-21
2016-03-23,2016,3,23,Wed,1,0,2016-03-22
2016-03-24,2016,3,24,Thu,1,0,2016-03-23
2016-03-25,2016,3,25,Fri,0,0,2016-03-24
2016-03-26,2016,3,26,Sat,0,0,2016-03-24
2016-03-27,2016,3,27,Sun,0,0,2016-03-24
2016-03-28,2016,3,28,Mon,1,0,2016-03-24
2016-03-29,2016,3,29,Tue,1,0,2016-03-28
2016-03-30,2016,3,30,Wed,1,0,2016-03-29
2016-03-31,2016,3,31,Thu,1,1,2016-03-30
2016-04-01,2016,4,1,Fri,1,0,2016-03-31
2016-04-02,2016,4,2,Sat,0,0,2016-04-01
2016-04-03,2016,4,3,Sun,0,0,2016-04-01
2016-04-04,2016,4,4,Mon,1,0,2016-04-01
2016-04-05,2016,4,5,Tue,1,0,2016-04-04
2016-04-06,2016,4,6,Wed,1,0,2016-04-05
2016-04-07,2016,4,7,Thu,1,0,2016-04-06
2016-04-08,2016,4,8,Fri,1,0,2016-04-07
2016-04-09,2016,4,9,Sat,0,0,2016-04-08
2016-04-10,2016,4,10,Sun,0,0,2016-04-08
2016-04-11,2016,4,11,Mon,1,0,2016-04-08
2016-04-12,2016,4,12,Tue,1,0,2016-04-11
2016-04-13,2016,4,13,Wed,1,0,2016-04-12
2016-04-14,2016,4,14,Thu,1,0,2016-04-13
2016-04-15,2016,4,15,Fri,1,0,2016-04-14
2016-04-16,2016,4,16,Sat,0,0,2016-04-15
2016-04-17,2016,4,17,Sun,0,0,2016-04-15
2016-04-18,2016,4,18,Mon,1,0,2016-04-15
2016-04-19,2016,4,19,Tue,1,0,2016-04-18
2016-04-20,2016,4,20,Wed,1,0,2016-04-19
2016-04-21,2016,4,21,Thu,1,0,2016-04-20
2016-04-22,2016,4,22,Fri,1,0,2016-04-21
2016-04-23,2016,4,23,Sat,0,0,2016-04-22
2016-04-24,2016,4,24,Sun,0,0,2016-04-22
2016-04-25,2016,4,25,Mon,1,0,2016-04-22
2016-04-26,2016,4,26,Tue,1,0,2016-04-25
2016-04-27,2016,4,27,Wed,1,0,2016-04-26
2016-04-28,2016,4,28,Thu,1,0,2016-04-27
2016-04-29,2016,4,29,Fri,1,1,2016-04-28
2016-04-30,2016,4,30,Sat,0,0,2016-04-29
2016-05-01,2016,5,1,Sun,0,0,2016-04-29
2016-05-02,2016,5,2,Mon,1,0,2016-04-29
2016-05-03,2016,5,3,Tue,1,0,2016-05-02
2016-05-04,2016,5,4,Wed,1,0,2016-05-03
2016-05-05,2016,5,5,Thu,1,0,2016-05-04
2016-05-06,2016,5,6,Fri,1,0,2016-05-05
2016-05-07,2016,5,7,Sat,0,0,2016-05-06
2016-05-08,2016,5,8,Sun,0,0,2016-05-06
2016-05-09,2016,5,9,Mon,1,0,2016-05-06
2016-05-10,2016,5,10,Tue,1,0,2016-05-09
2016-05-11,2016,5,11,Wed,1,0,2016-05-10
2016-05-12,2016,5,12,Thu,1,0,2016-05-11
2016-05-13,2016,5,13,Fri,1,0,2016-05-12
2016-05-14,2016,5,14,Sat,0,0,2016-05-13
2016-05-15,2016,5,15,Sun,0,0,2016-05-13
2016-05-16,2016,5,16,Mon,1,0,2016-05-13
2016-05-17,2016,5,17,Tue,1,0,2016-05-16
2016-05-18,2016,5,18,Wed,1,0,2016-05-17
2016-05-19,2016,5,19,Thu,1,0,2016-05-18
2016-05-20,2016,5,20,Fri,1,0,2016-05-19
2016-05-21,2016,5,21,Sat,0,0,2016-05-20
2016-05-22,2016,5,22,Sun,0,0,2016-05-20
2016-05-23,2016,5,23,Mon,1,0,2016-05-20
2016-05-24,2016,5,24,Tue,1,0,2016-05-23
2016-05-25,2016,5,25,Wed,1,0,2016-05-24
2016-05-26,2016,5,26,Thu,1,0,2016-05-25
2016-05-27,2016,5,27,Fri,1,0,2016-05-26
2016-05-28,2016,5,28,Sat,0,0,2016-05-27
2016-05-29,2016,5,29,Sun,0,0,2016-05-27
2016-05-30,2016,5,30,Mon,0,0,2016-05-27
2016-05-31,2016,5,31,Tue,1,1,2016-05-27
2016-06-01,2016,6,1,Wed,1,0,2016-05-31
2016-06-02,2016,6,2,Thu,1,0,2016-06-01
2016-06-03,2016,6,3,Fri,1,0,2016-06-02
2016-06-04,2016,6,4,Sat,0,0,2016-06-03
2016-06-05,2016,6,5,Sun,0,0,2016-06-03
2016-06-06,2016,6,6,Mon,1,0,2016-06-03
2016-06-07,2016,6,7,Tue,1,0,2016-06-06
2016-06-08,2016,6,8,Wed,1,0,2016-06-07
2016-06-09,2016,6,9,Thu,1,0,2016-06-08
2016-06-10,2016,6,10,Fri,1,0,2016-06-09
2016-06-11,2016,6,11,Sat,0,0,2016-06-10
2016-06-12,2016,6,12,Sun,0,0,2016-06-10
2016-06-13,2016,6,13,Mon,1,0,2016-06-10
2016-06-14,2016,6,14,Tue,1,0,2016-06-13
2016-06-15,2016,6,15,Wed,1,0,2016-06-14
2016-06-16,2016,6,16,Thu,1,0,2016-06-15
2016-06-17,2016,6,17,Fri,1,0,2016-06-16
2016-06-18,2016,6,18,Sat,0,0,2016-06-17
2016-06-19,2016,6,19,Sun,0,0,2016-06-17
2016-06-20,2016,6,20,Mon,1,0,2016-06-17
2016-06-21,2016,6,21,Tue,1,0,2016-06-20
2016-06-22,2016,6,22,Wed,1,0,2016-06-21
2016-06-23,2016,6,23,Thu,1,0,2016-06-22
2016-06-24,2016,6,24,Fri,1,0,2016-06-23
2016-06-25,2016,6,25,Sat,0,0,2016-06-24
2016-06-26,2016,6,26,Sun,0,0,2016-06-24
2016-06-27,2016,6,27,Mon,1,0,2016-06-24
2016-06-28,2016,6,28,Tue,1,0,2016-06-27
2016-06-29,2016,6,29,Wed,1,0,2016-06-28
2016-06-30,2016,6,30,Thu,1,1,2016-06-29
2016-07-01,2016,7,1,Fri,1,0,2016-06-30
2016-07-02,2016,7,2,Sat,0,0,2016-07-01
2016-07-03,2016,7,3,Sun,0,0,2016-07-01
2016-07-04,2016,7,4,Mon,0,0,2016-07-01
2016-07-05,2016,7,5,Tue,1,0,2016-07-01
2016-07-06,2016,7,6,Wed,1,0,2016-07-05
2016-07-07,2016,7,7,Thu,1,0,2016-07-06
2016-07-08,2016,7,8,Fri,1,0,2016-07-07
2016-07-09,2016,7,9,Sat,0,0,2016-07-08
2016-07-10,2016,7,10,Sun,0,0,2016-07-08
2016-07-11,2016,7,11,Mon,1,0,2016-07-08
2016-07-12,2016,7,12,Tue,1,0,2016-07-11
2016-07-13,2016,7,13,Wed,1,0,2016-07-12
2016-07-14,2016,7,14,Thu,1,0,2016-07-13
2016-07-15,2016,7,15,Fri,1,0,2016-07-14
2016-07-16,2016,7,16,Sat,0,0,2016-07-15
2016-07-17,2016,7,17,Sun,0,0,2016-07-15
2016-07-18,2016,7,18,Mon,1,0,2016-07-15
2016-07-19,2016,7,19,Tue,1,0,2016-07-18
2016-07-20,2016,7,20,Wed,1,0,2016-07-19
2016-07-21,2016,7,21,Thu,1,0,2016-07-20
2016-07-22,2016,7,22,Fri,1,0,2016-07-21
2016-07-23,2016,7,23,Sat,0,0,2016-07-22
2016-07-24,2016,7,24,Sun,0,0,2016-07-22
2016-07-25,2016,7,25,Mon,1,0,2016-07-22
2016-07-26,2016,7,26,Tue,1,0,2016-07-25
2016-07-27,2016,7,27,Wed,1,0,2016-07-26
2016-07-28,2016,7,28,Thu,1,0,2016-07-27
2016-07-29,2016,7,29,Fri,1,1,2016-07-28
2016-07-30,2016,7,30,Sat,0,0,2016-07-29
2016-07-31,2016,7,31,Sun,0,0,2016-07-29
2016-08-01,2016,8,1,Mon,1,0,2016-07-29
2016-08-02,2016,8,2,Tue,1,0,2016-08-01
2016-08-03,2016,8,3,Wed,1,0,2016-08-02
2016-08-04,2016,8,4,Thu,1,0,2016-08-03
2016-08-05,2016,8,5,Fri,1,0,2016-08-04
2016-08-06,2016,8,6,Sat,0,0,2016-08-05
2016-08-07,2016,8,7,Sun,0,0,2016-08-05
2016-08-08,2016,8,8,Mon,1,0,2016-08-05
2016-08-09,2016,8,9,Tue,1,0,2016-08-08
2016-08-10,2016,8,10,Wed,1,0,2016-08-09
2016-08-11,2016,8,11,Thu,1,0,2016-08-10
2016-08-12,2016,8,12,Fri,1,0,2016-08-11
2016-08-13,2016,8,13,Sat,0,0,2016-08-12
2016-08-14,2016,8,14,Sun,0,0,2016-08-12
2016-08-15,2016,8,15,Mon,1,0,2016-08-12
2016-08-16,2016,8,16,Tue,1,0,2016-08-15
2016-08-17,2016,8,17,Wed,1,0,2016-08-16
2016-08-18,2016,8,18,Thu,1,0,2016-08-17
2016-08-19,2016,8,19,Fri,1,0,2016-08-18
2016-08-20,2016,8,20,Sat,0,0,2016-08-19
2016-08-21,2016,8,21,Sun,0,0,2016-08-19
2016-08-22,2016,8,22,Mon,1,0,2016-08-19
2016-08-23,2016,8,23,Tue,1,0,2016-08-22
2016-08-24,2016,8,24,Wed,1,0,2016-08-23
2016-08-25,2016,8,25,Thu,1,0,2016-08-24
2016-08-26,2016,8,26,Fri,1,0,2016-08-25
2016-08-27,2016,8,27,Sat,0,0,2016-08-26
2016-08-28,2016,8,28,Sun,0,0,2016-08-26
2016-08-29,2016,8,29,Mon,1,0,2016-08-26
2016-08-30,2016,8,30,Tue,1,0,2016-08-29
2016-08-31,2016,8,31,Wed,1,1,2016-08-30
2016-09-01,2016,9,1,Thu,1,0,2016-08-31
2016-09-02,2016,9,2,Fri,1,0,2016-09-01
2016-09-03,2016,9,3,Sat,0,0,2016-09-02
2016-09-04,2016,9,4,Sun,0,0,2016-09-02
2016-09-05,2016,9,5,Mon,0,0,2016-09-02
2016-09-06,2016,9,6,Tue,1,0,2016-09-02
2016-09-07,2016,9,7,Wed,1,0,2016-09-06
2016-09-08,2016,9,8,Thu,1,0,2016-09-07
2016-09-09,2016,9,9,Fri,1,0,2016-09-08
2016-09-10,2016,9,10,Sat,0,0,2016-09-09
2016-09-11,2016,9,11,Sun,0,0,2016-09-09
2016-09-12,2016,9,12,Mon,1,0,2016-09-09
2016-09-13,2016,9,13,Tue,1,0,2016-09-12
2016-09-14,2016,9,14,Wed,1,0,2016-09-13
2016-09-15,2016,9,15,Thu,1,0,2016-09-14
2016-09-16,2016,9,16,Fri,1,0,2016-09-15
2016-09-17,2016,9,17,Sat,0,0,2016-09-16
2016-09-18,2016,9,18,Sun,0,0,2016-09-16
2016-09-19,2016,9,19,Mon,1,0,2016-09-16
2016-09-20,2016,9,20,Tue,1,0,2016-09-19
2016-09-21,2016,9,21,Wed,1,0,2016-09-20
2016-09-22,2016,9,22,Thu,1,0,2016-09-21
2016-09-23,2016,9,23,Fri,1,0,2016-09-22
2016-09-24,2016,9,24,Sat,0,0,2016-09-23
2016-09-25,2016,9,25,Sun,0,0,2016-09-23
2016-09-26,2016,9,26,Mon,1,0,2016-09-23
2016-09-27,2016,9,27,Tue,1,0,2016-09-26
2016-09-28,2016,9,28,Wed,1,0,2016-09-27
2016-09-29,2016,9,29,Thu,1,0,2016-09-28
2016-09-30,2016,9,30,Fri,1,1,2016-09-29
2016-10-01,2016,10,1,Sat,0,0,2016-09-30
2016-10-02,2016,10,2,Sun,0,0,2016-09-30
2016-10-03,2016,10,3,Mon,1,0,2016-09-30
2016-10-04,2016,10,4,Tue,1,0,2016-10-03
2016-10-05,2016,10,5,Wed,1,0,2016-10-04
2016-10-06,2016,10,6,Thu,1,0,2016-10-05
2016-10-07,2016,10,7,Fri,1,0,2016-10-06
2016-10-08,2016,10,8,Sat,0,0,2016-10-07
2016-10-09,2016,10,9,Sun,0,0,2016-10-07
2016-10-10,2016,10,10,Mon,1,0,2016-10-07
2016-10-11,2016,10,11,Tue,1,0,2016-10-10
2016-10-12,2016,10,12,Wed,1,0,2016-10-11
2016-10-13,2016,10,13,Thu,1,0,2016-10-12
2016-10-14,2016,10,14,Fri,1,0,2016-10-13
2016-10-15,2016,10,15,Sat,0,0,2016-10-14
2016-10-16,2016,10,16,Sun,0,0,2016-10-14
2016-10-17,2016,10,17,Mon,1,0,2016-10-14
2016-10-18,2016,10,18,Tue,1,0,2016-10-17
2016-10-19,2016,10,19,Wed,1,0,2016-10-18
2016-10-20,2016,10,20,Thu,1,0,2016-10-19
2016-10-21,2016,10,21,Fri,1,0,2016-10-20
2016-10-22,2016,10,22,Sat,0,0,2016-10-21
2016-10-23,2016,10,23,Sun,0,0,2016-10-21
2016-10-24,2016,10,24,Mon,1,0,2016-10-21
2016-10-25,2016,10,25,Tue,1,0,2016-10-24
2016-10-26,2016,10,26,Wed,1,0,2016-10-25
2016-10-27,2016,10,27,Thu,1,0,2016-10-26
2016-10-28,2016,10,28,Fri,1,0,2016-10-27
2016-10-29,2016,10,29,Sat,0,0,2016-10-28
2016-10-30,2016,10,30,Sun,0,0,2016-10-28
2016-10-31,2016,10,31,Mon,1,1,2016-10-28
2016-11-01,2016,11,1,Tue,1,0,2016-10-31
2016-11-02,2016,11,2,Wed,1,0,2016-11-01
2016-11-03,2016,11,3,Thu,1,0,2016-11-02
2016-11-04,2016,11,4,Fri,1,0,2016-11-03
2016-11-05,2016,11,5,Sat,0,0,2016-11-04
2016-11-06,2016,11,6,Sun,0,0,2016-11-04
2016-11-07,2016,11,7,Mon,1,0,2016-11-04
2016-11-08,2016,11,8,Tue,1,0,2016-11-07
2016-11-09,2016,11,9,Wed,1,0,2016-11-08
2016-11-10,2016,11,10,Thu,1,0,2016-11-09
2016-11-11,2016,11,11,Fri,1,0,2016-11-10
2016-11-12,2016,11,12,Sat,0,0,2016-11-11
2016-11-13,2016,11,13,Sun,0,0,2016-11-11
2016-11-14,2016,11,14,Mon,1,0,2016-11-11
2016-11-15,2016,11,15,Tue,1,0,2016-11-14
2016-11-16,2016,11,16,Wed,1,0,2016-11-15
2016-11-17,2016,11,17,Thu,1,0,2016-11-16
2016-11-18,2016,11,18,Fri,1,0,2016-11-17
2016-11-19,2016,11,19,Sat,0,0,2016-11-18
2016-11-20,2016,11,20,Sun,0,0,2016-11-18
2016-11-21,2016,11,21,Mon,1,0,2016-11-18
2016-11-22,2016,11,22,Tue,1,0,2016-11-21
2016-11-23,2016,11,23,Wed,1,0,2016-11-22
2016-11-24,2016,11,24,Thu,0,0,2016-11-23
2016-11-25,2016,11,25,Fri,1,0,2016-11-23
2016-11-26,2016,11,26,Sat,0,0,2016-11-25
2016-11-27,2016,11,27,Sun,0,0,2016-11-25
2016-11-28,2016,11,28,Mon,1,0,2016-11-25
2016-11-29,2016,11,29,Tue,1,0,2016-11-28
2016-11-30,2016,11,30,Wed,1,1,2016-11-29
2016-12-01,2016,12,1,Thu,1,0,2016-11-30
2016-12-02,2016,12,2,Fri,1,0,2016-12-01
2016-12-03,2016,12,3,Sat,0,0,2016-12-02
2016-12-04,2016,12,4,Sun,0,0,2016-12-02
2016-12-05,2016,12,5,Mon,1,0,2016-12-02
2016-12-06,2016,12,6,Tue,1,0,2016-12-05
2016-12-07,2016,12,7,Wed,1,0,2016-12-06
2016-12-08,2016,12,8,Thu,1,0,2016-12-07
2016-12-09,2016,12,9,Fri,1,0,2016-12-08
2016-12-10,2016,12,10,Sat,0,0,2016-12-09
2016-12-11,2016,12,11,Sun,0,0,2016-12-09
2016-12-12,2016,12,12,Mon,1,0,2016-12-09
2016-12-13,2016,12,13,Tue,1,0,2016-12-12
2016-12-14,2016,12,14,Wed,1,0,2016-12-13
2016-12-15,2016,12,15,Thu,1,0,2016-12-14
2016-12-16,2016,12,16,Fri,1,0,2016-12-15
2016-12-17,2016,12,17,Sat,0,0,2016-12-16
2016-12-18,2016,12,18,Sun,0,0,2016-12-16
2016-12-19,2016,12,19,Mon,1,0,2016-12-16
2016-12-20,2016,12,20,Tue,1,0,2016-12-19
2016-12-21,2016,12,21,Wed,1,0,2016-12-20
2016-12-22,2016,12,22,Thu,1,0,2016-12-21
2016-12-23,2016,12,23,Fri,1,0,2016-12-22
2016-12-24,2016,12,24,Sat,0,0,2016-12-23
2016-12-25,2016,12,25,Sun,0,0,2016-12-23
2016-12-26,2016,12,26,Mon,0,0,2016-12-23
2016-12-27,2016,12,27,Tue,1,0,2016-12-23
2016-12-28,2016,12,28,Wed,1,0,2016-12-27
2016-12-29,2016,12,29,Thu,1,0,2016-12-28
2016-12-30,2016,12,30,Fri,1,1,2016-12-29
2016-12-31,2016,12,31,Sat,0,0,2016-12-30
2017-01-01,2017,1,1,Sun,0,0,2016-12-30
2017-01-02,2017,1,2,Mon,0,0,2016-12-30
2017-01-03,2017,1,3,Tue,1,0,2016-12-30
2017-01-04,2017,1,4,Wed,1,0,2017-01-03
2017-01-05,2017,1,5,Thu,1,0,2017-01-04
2017-01-06,2017,1,6,Fri,1,0,2017-01-05
2017-01-07,2017,1,7,Sat,0,0,2017-01-06
2017-01-08,2017,1,8,Sun,0,0,2017-01-06
2017-01-09,2017,1,9,Mon,1,0,2017-01-06
2017-01-10,2017,1,10,Tue,1,0,2017-01-09
2017-01-11,2017,1,11,Wed,1,0,2017-01-10
2017-01-12,2017,1,12,Thu,1,0,2017-01-11
2017-01-13,2017,1,13,Fri,1,0,2017-01-12
2017-01-14,2017,1,14,Sat,0,0,2017-01-13
2017-01-15,2017,1,15,Sun,0,0,2017-01-13
2017-01-16,2017,1,16,Mon,0,0,2017-01-13
2017-01-17,2017,1,17,Tue,1,0,2017-01-13
2017-01-18,2017,1,18,Wed,1,0,2017-01-17
2017-01-19,2017,1,19,Thu,1,0,2017-01-18
2017-01-20,2017,1,20,Fri,1,0,2017-01-19
2017-01-21,2017,1,21,Sat,0,0,2017-01-20
2017-01-22,2017,1,22,Sun,0,0,2017-01-20
2017-01-23,2017,1,23,Mon,1,0,2017-01-20
2017-01-24,2017,1,24,Tue,1,0,2017-01-23
2017-01-25,2017,1,25,Wed,1,0,2017-01-24
2017-01-26,2017,1,26,Thu,1,0,2017-01-25
2017-01-27,2017,1,27,Fri,1,0,2017-01-26
2017-01-28,2017,1,28,Sat,0,0,2017-01-27
2017-01-29,2017,1,29,Sun,0,0,2017-01-27
2017-01-30,2017,1,30,Mon,1,0,2017-01-27
2017-01-31,2017,1,31,Tue,1,1,2017-01-30
2017-02-01,2017,2,1,Wed,1,0,2017-01-31
2017-02-02,2017,2,2,Thu,1,0,2017-02-01
2017-02-03,2017,2,3,Fri,1,0,2017-02-02
2017-02-04,2017,2,4,Sat,0,0,2017-02-03
2017-02-05,2017,2,5,Sun,0,0,2017-02-03
2017-02-06,2017,2,6,Mon,1,0,2017-02-03
2017-02-07,2017,2,7,Tue,1,0,2017-02-06
2017-02-08,2017,2,8,Wed,1,0,2017-02-07
2017-02-09,2017,2,9,Thu,1,0,2017-02-08
2017-02-10,2017,2,10,Fri,1,0,2017-02-09
2017-02-11,2017,2,11,Sat,0,0,2017-02-10
2017-02-12,2017,2,12,Sun,0,0,2017-02-10
2017-02-13,2017,2,13,Mon,1,0,2017-02-10
2017-02-14,2017,2,14,Tue,1,0,2017-02-13
2017-02-15,2017,2,15,Wed,1,0,2017-02-14
2017-02-16,2017,2,16,Thu,1,0,2017-02-15
2017-02-17,2017,2,17,Fri,1,0,2017-02-16
2017-02-18,2017,2,18,Sat,0,0,2017-02-17
2017-02-19,2017,2,19,Sun,0,0,2017-02-17
2017-02-20,2017,2,20,Mon,0,0,2017-02-17
2017-02-21,2017,2,21,Tue,1,0,2017-02-17
2017-02-22,2017,2,22,Wed,1,0,2017-02-21
2017-02-23,2017,2,23,Thu,1,0,2017-02-22
2017-02-24,2017,2,24,Fri,1,0,2017-02-23
2017-02-25,2017,2,25,Sat,0,0,2017-02-24
2017-02-26,2017,2,26,Sun,0,0,2017-02-24
2017-02-27,2017,2,27,Mon,1,0,2017-02-24
2017-02-28,2017,2,28,Tue,1,1,2017-02-27
2017-03-01,2017,3,1,Wed,1,0,2017-02-28
2017-03-02,2017,3,2,Thu,1,0,2017-03-01
2017-03-03,2017,3,3,Fri,1,0,2017-03-02
2017-03-04,2017,3,4,Sat,0,0,2017-03-03
2017-03-05,2017,3,5,Sun,0,0,2017-03-03
2017-03-06,2017,3,6,Mon,1,0,2017-03-03
2017-03-07,2017,3,7,Tue,1,0,2017-03-06
2017-03-08,2017,3,8,Wed,1,0,2017-03-07
2017-03-09,2017,3,9,Thu,1,0,2017-03-08
2017-03-10,2017,3,10,Fri,1,0,2017-03-09
2017-03-11,2017,3,11,Sat,0,0,2017-03-10
2017-03-12,2017,3,12,Sun,0,0,2017-03-10
2017-03-13,2017,3,13,Mon,1,0,2017-03-10
2017-03-14,2017,3,14,Tue,1,0,2017-03-13
2017-03-15,2017,3,15,Wed,1,0,2017-03-14
2017-03-16,2017,3,16,Thu,1,0,2017-03-15
2017-03-17,2017,3,17,Fri,1,0,2017-03-16
2017-03-18,2017,3,18,Sat,0,0,2017-03-17
2017-03-19,2017,3,19,Sun,0,0,2017-03-17
2017-03-20,2017,3,20,Mon,1,0,2017-03-17
2017-03-21,2017,3,21,Tue,1,0,2017-03-20
2017-03-22,2017,3,22,Wed,1,0,2017-03-21
2017-03-23,2017,3,23,Thu,1,0,2017-03-22
2017-03-24,2017,3,24,Fri,1,0,2017-03-23
2017-03-25,2017,3,25,Sat,0,0,2017-03-24
2017-03-26,2017,3,26,Sun,0,0,2017-03-24
2017-03-27,2017,3,27,Mon,1,0,2017-03-24
2017-03-28,2017,3,28,Tue,1,0,2017-03-27
2017-03-29,2017,3,29,Wed,1,0,2017-03-28
2017-03-30,2017,3,30,Thu,1,0,2017-03-29
2017-03-31,2017,3,31,Fri,1,1,2017-03-30
2017-04-01,2017,4,1,Sat,0,0,2017-03-31
2017-04-02,2017,4,2,Sun,0,0,2017-03-31
2017-04-03,2017,4,3,Mon,1,0,2017-03-31
2017-04-04,2017,4,4,Tue,1,0,2017-04-03
2017-04-05,2017,4,5,Wed,1,0,2017-04-04
2017-04-06,2017,4,6,Thu,1,0,2017-04-05
2017-04-07,2017,4,7,Fri,1,0,2017-04-06
2017-04-08,2017,4,8,Sat,0,0,2017-04-07
2017-04-09,2017,4,9,Sun,0,0,2017-04-07
2017-04-10,2017,4,10,Mon,1,0,2017-04-07
2017-04-11,2017,4,11,Tue,1,0,2017-04-10
2017-04-12,2017,4,12,Wed,1,0,2017-04-11
2017-04-13,2017,4,13,Thu,1,0,2017-04-12
2017-04-14,2017,4,14,Fri,0,0,2017-04-13
2017-04-15,2017,4,15,Sat,0,0,2017-04-13
2017-04-16,2017,4,16,Sun,0,0,2017-04-13
2017-04-17,2017,4,17,Mon,1,0,2017-04-13
2017-04-18,2017,4,18,Tue,1,0,2017-04-17
2017-04-19,2017,4,19,Wed,1,0,2017-04-18
2017-04-20,2017,4,20,Thu,1,0,2017-04-19
2017-04-21,2017,4,21,Fri,1,0,2017-04-20
2017-04-22,2017,4,22,Sat,0,0,2017-04-21
2017-04-23,2017,4,23,Sun,0,0,2017-04-21
2017-04-24,2017,4,24,Mon,1,0,2017-04-21
2017-04-25,2017,4,25,Tue,1,0,2017-04-24
2017-04-26,2017,4,26,Wed,1,0,2017-04-25
2017-04-27,2017,4,27,Thu,1,0,2017-04-26
2017-04-28,2017,4,28,Fri,1,1,2017-04-27
2017-04-29,2017,4,29,Sat,0,0,2017-04-28
2017-04-30,2017,4,30,Sun,0,0,2017-04-28
2017-05-01,2017,5,1,Mon,1,0,2017-04-28
2017-05-02,2017,5,2,Tue,1,0,2017-05-01
2017-05-03,2017,5,3,Wed,1,0,2017-05-02
2017-05-04,2017,5,4,Thu,1,0,2017-05-03
2017-05-05,2017,5,5,Fri,1,0,2017-05-04
2017-05-06,2017,5,6,Sat,0,0,2017-05-05
2017-05-07,2017,5,7,Sun,0,0,2017-05-05
2017-05-08,2017,5,8,Mon,1,0,2017-05-05
2017-05-09,2017,5,9,Tue,1,0,2017-05-08
2017-05-10,2017,5,10,Wed,1,0,2017-05-09
2017-05-11,2017,5,11,Thu,1,0,2017-05-10
2017-05-12,2017,5,12,Fri,1,0,2017-05-11
2017-05-13,2017,5,13,Sat,0,0,2017-05-12
2017-05-14,2017,5,14,Sun,0,0,2017-05-12
2017-05-15,2017,5,15,Mon,1,0,2017-05-12
2017-05-16,2017,5,16,Tue,1,0,2017-05-15
2017-05-17,2017,5,17,Wed,1,0,2017-05-16
2017-05-18,2017,5,18,Thu,1,0,2017-05-17
2017-05-19,2017,5,19,Fri,1,0,2017-05-18
2017-05-20,2017,5,20,Sat,0,0,2017-05-19
2017-05-21,2017,5,21,Sun,0,0,2017-05-19
2017-05-22,2017,5,22,Mon,1,0,2017-05-19
2017-05-23,2017,5,23,Tue,1,0,2017-05-22
2017-05-24,2017,5,24,Wed,1,0,2017-05-23
2017-05-25,2017,5,25,Thu,1,0,2017-05-24
2017-05-26,2017,5,26,Fri,1,0,2017-05-25
2017-05-27,2017,5,27,Sat,0,0,2017-05-26
2017-05-28,2017,5,28,Sun,0,0,2017-05-26
2017-05-29,2017,5,29,Mon,0,0,2017-05-26
2017-05-30,2017,5,30,Tue,1,0,2017-05-26
2017-05-31,2017,5,31,Wed,1,1,2017-05-30
2017-06-01,2017,6,1,Thu,1,0,2017-05-31
2017-06-02,2017,6,2,Fri,1,0,2017-06-01
2017-06-03,2017,6,3,Sat,0,0,2017-06-02
2017-06-04,2017,6,4,Sun,0,0,2017-06-02
2017-06-05,2017,6,5,Mon,1,0,2017-06-02
2017-06-06,2017,6,6,Tue,1,0,2017-06-05
2017-06-07,2017,6,7,Wed,1,0,2017-06-06
2017-06-08,2017,6,8,Thu,1,0,2017-06-07
2017-06-09,2017,6,9,Fri,1,0,2017-06-08
2017-06-10,2017,6,10,Sat,0,0,2017-06-09
2017-06-11,2017,6,11,Sun,0,0,2017-06-09
2017-06-12,2017,6,12,Mon,1,0,2017-06-09
2017-06-13,2017,6,13,Tue,1,0,2017-06-12
2017-06-14,2017,6,14,Wed,1,0,2017-06-13
2017-06-15,2017,6,15,Thu,1,0,2017-06-14
2017-06-16,2017,6,16,Fri,1,0,2017-06-15
2017-06-17,2017,6,17,Sat,0,0,2017-06-16
2017-06-18,2017,6,18,Sun,0,0,2017-06-16
2017-06-19,2017,6,19,Mon,1,0,2017-06-16
2017-06-20,2017,6,20,Tue,1,0,2017-06-19
2017-06-21,2017,6,21,Wed,1,0,2017-06-20
2017-06-22,2017,6,22,Thu,1,0,2017-06-21
2017-06-23,2017,6,23,Fri,1,0,2017-06-22
2017-06-24,2017,6,24,Sat,0,0,2017-06-23
2017-06-25,2017,6,25,Sun,0,0,2017-06-23
2017-06-26,2017,6,26,Mon,1,0,2017-06-23
2017-06-27,2017,6,27,Tue,1,0,2017-06-26
2017-06-28,2017,6,28,Wed,1,0,2017-06-27
2017-06-29,2017,6,29,Thu,1,0,2017-06-28
2017-06-30,2017,6,30,Fri,1,1,2017-06-29
2017-07-01,2017,7,1,Sat,0,0,2017-06-30
2017-07-02,2017,7,2,Sun,0,0,2017-06-30
2017-07-03,2017,7,3,Mon,1,0,2017-06-30
2017-07-04,2017,7,4,Tue,0,0,2017-07-03
2017-07-05,2017,7,5,Wed,1,0,2017-07-03
2017-07-06,2017,7,6,Thu,1,0,2017-07-05
2017-07-07,2017,7,7,Fri,1,0,2017-07-06
2017-07-08,2017,7,8,Sat,0,0,2017-07-07
2017-07-09,2017,7,9,Sun,0,0,2017-07-07
2017-07-10,2017,7,10,Mon,1,0,2017-07-07
2017-07-11,2017,7,11,Tue,1,0,2017-07-10
2017-07-12,2017,7,12,Wed,1,0,2017-07-11
2017-07-13,2017,7,13,Thu,1,0,2017-07-12
2017-07-14,2017,7,14,Fri,1,0,2017-07-13
2017-07-15,2017,7,15,Sat,0,0,2017-07-14
2017-07-16,2017,7,16,Sun,0,0,2017-07-14
2017-07-17,2017,7,17,Mon,1,0,2017-07-14
2017-07-18,2017,7,18,Tue,1,0,2017-07-17
2017-07-19,2017,7,19,Wed,1,0,2017-07-18
2017-07-20,2017,7,20,Thu,1,0,2017-07-19
2017-07-21,2017,7,21,Fri,1,0,2017-07-20
2017-07-22,2017,7,22,Sat,0,0,2017-07-21
2017-07-23,2017,7,23,Sun,0,0,2017-07-21
2017-07-24,2017,7,24,Mon,1,0,2017-07-21
2017-07-25,2017,7,25,Tue,1,0,2017-07-24
2017-07-26,2017,7,26,Wed,1,0,2017-07-25
2017-07-27,2017,7,27,Thu,1,0,2017-07-26
2017-07-28,2017,7,28,Fri,1,0,2017-07-27
2017-07-29,2017,7,29,Sat,0,0,2017-07-28
2017-07-30,2017,7,30,Sun,0,0,2017-07-28
2017-07-31,2017,7,31,Mon,1,1,2017-07-28
2017-08-01,2017,8,1,Tue,1,0,2017-07-31
2017-08-02,2017,8,2,Wed,1,0,2017-08-01
2017-08-03,2017,8,3,Thu,1,0,2017-08-02
2017-08-04,2017,8,4,Fri,1,0,2017-08-03
2017-08-05,2017,8,5,Sat,0,0,2017-08-04
2017-08-06,2017,8,6,Sun,0,0,2017-08-04
2017-08-07,2017,8,7,Mon,1,0,2017-08-04
2017-08-08,2017,8,8,Tue,1,0,2017-08-07
2017-08-09,2017,8,9,Wed,1,0,2017-08-08
2017-08-10,2017,8,10,Thu,1,0,2017-08-09
2017-08-11,2017,8,11,Fri,1,0,2017-08-10
2017-08-12,2017,8,12,Sat,0,0,2017-08-11
2017-08-13,2017,8,13,Sun,0,0,2017-08-11
2017-08-14,2017,8,14,Mon,1,0,2017-08-11
2017-08-15,2017,8,15,Tue,1,0,2017-08-14
2017-08-16,2017,8,16,Wed,1,0,2017-08-15
2017-08-17,2017,8,17,Thu,1,0,2017-08-16
2017-08-18,2017,8,18,Fri,1,0,2017-08-17
2017-08-19,2017,8,19,Sat,0,0,2017-08-18
2017-08-20,2017,8,20,Sun,0,0,2017-08-18
2017-08-21,2017,8,21,Mon,1,0,2017-08-18
2017-08-22,2017,8,22,Tue,1,0,2017-08-21
2017-08-23,2017,8,23,Wed,1,0,2017-08-22
2017-08-24,2017,8,24,Thu,1,0,2017-08-23
2017-08-25,2017,8,25,Fri,1,0,2017-08-24
2017-08-26,2017,8,26,Sat,0,0,2017-08-25
2017-08-27,2017,8,27,Sun,0,0,2017-08-25
2017-08-28,2017,8,28,Mon,1,0,2017-08-25
2017-08-29,2017,8,29,Tue,1,0,2017-08-28
2017-08-30,2017,8,30,Wed,1,0,2017-08-29
2017-08-31,2017,8,31,Thu,1,1,2017-08-30
2017-09-01,2017,9,1,Fri,1,0,2017-08-31
2017-09-02,2017,9,2,Sat,0,0,2017-09-01
2017-09-03,2017,9,3,Sun,0,0,2017-09-01
2017-09-04,2017,9,4,Mon,0,0,2017-09-01
2017-09-05,2017,9,5,Tue,1,0,2017-09-01
2017-09-06,2017,9,6,Wed,1,0,2017-09-05
2017-09-07,2017,9,7,Thu,1,0,2017-09-06
2017-09-08,2017,9,8,Fri,1,0,2017-09-07
2017-09-09,2017,9,9,Sat,0,0,2017-09-08
2017-09-10,2017,9,10,Sun,0,0,2017-09-08
2017-09-11,2017,9,11,Mon,1,0,2017-09-08
2017-09-12,2017,9,12,Tue,1,0,2017-09-11
2017-09-13,2017,9,13,Wed,1,0,2017-09-12
2017-09-14,2017,9,14,Thu,1,0,2017-09-13
2017-09-15,2017,9,15,Fri,1,0,2017-09-14
2017-09-16,2017,9,16,Sat,0,0,2017-09-15
2017-09-17,2017,9,17,Sun,0,0,2017-09-15
2017-09-18,2017,9,18,Mon,1,0,2017-09-15
2017-09-19,2017,9,19,Tue,1,0,2017-09-18
2017-09-20,2017,9,20,Wed,1,0,2017-09-19
2017-09-21,2017,9,21,Thu,1,0,2017-09-20
2017-09-22,2017,9,22,Fri,1,0,2017-09-21
2017-09-23,2017,9,23,Sat,0,0,2017-09-22
2017-09-24,2017,9,24,Sun,0,0,2017-09-22
2017-09-25,2017,9,25,Mon,1,0,2017-09-22
2017-09-26,2017,9,26,Tue,1,0,2017-09-25
2017-09-27,2017,9,27,Wed,1,0,2017-09-26
2017-09-28,2017,9,28,Thu,1,0,2017-09-27
2017-09-29,2017,9,29,Fri,1,1,2017-09-28
2017-09-30,2017,9,30,Sat,0,0,2017-09-29
2017-10-01,2017,10,1,Sun,0,0,2017-09-29
2017-10-02,2017,10,2,Mon,1,0,2017-09-29
2017-10-03,2017,10,3,Tue,1,0,2017-10-02
2017-10-04,2017,10,4,Wed,1,0,2017-10-03
2017-10-05,2017,10,5,Thu,1,0,2017-10-04
2017-10-06,2017,10,6,Fri,1,0,2017-10-05
2017-10-07,2017,10,7,Sat,0,0,2017-10-06
2017-10-08,2017,10,8,Sun,0,0,2017-10-06
2017-10-09,2017,10,9,Mon,1,0,2017-10-06
2017-10-10,2017,10,10,Tue,1,0,2017-10-09
2017-10-11,2017,10,11,Wed,1,0,2017-10-10
2017-10-12,2017,10,12,Thu,1,0,2017-10-11
2017-10-13,2017,10,13,Fri,1,0,2017-10-12
2017-10-14,2017,10,14,Sat,0,0,2017-10-13
2017-10-15,2017,10,15,Sun,0,0,2017-10-13
2017-10-16,2017,10,16,Mon,1,0,2017-10-13
2017-10-17,2017,10,17,Tue,1,0,2017-10-16
2017-10-18,2017,10,18,Wed,1,0,2017-10-17
2017-10-19,2017,10,19,Thu,1,0,2017-10-18
2017-10-20,2017,10,20,Fri,1,0,2017-10-19
2017-10-21,2017,10,21,Sat,0,0,2017-10-20
2017-10-22,2017,10,22,Sun,0,0,2017-10-20
2017-10-23,2017,10,23,Mon,1,0,2017-10-20
2017-10-24,2017,10,24,Tue,1,0,2017-10-23
2017-10-25,2017,10,25,Wed,1,0,2017-10-24
2017-10-26,2017,10,26,Thu,1,0,2017-10-25
2017-10-27,2017,10,27,Fri,1,0,2017-10-26
2017-10-28,2017,10,28,Sat,0,0,2017-10-27
2017-10-29,2017,10,29,Sun,0,0,2017-10-27
2017-10-30,2017,10,30,Mon,1,0,2017-10-27
2017-10-31,2017,10,31,Tue,1,1,2017-10-30
2017-11-01,2017,11,1,Wed,1,0,2017-10-31
2017-11-02,2017,11,2,Thu,1,0,2017-11-01
2017-11-03,2017,11,3,Fri,1,0,2017-11-02
2017-11-04,2017,11,4,Sat,0,0,2017-11-03
2017-11-05,2017,11,5,Sun,0,0,2017-11-03
2017-11-06,2017,11,6,Mon,1,0,2017-11-03
2017-11-07,2017,11,7,Tue,1,0,2017-11-06
2017-11-08,2017,11,8,Wed,1,0,2017-11-07
2017-11-09,2017,11,9,Thu,1,0,2017-11-08
2017-11-10,2017,11,10,Fri,1,0,2017-11-09
2017-11-11,2017,11,11,Sat,0,0,2017-11-10
2017-11-12,2017,11,12,Sun,0,0,2017-11-10
2017-11-13,2017,11,13,Mon,1,0,2017-11-10
2017-11-14,2017,11,14,Tue,1,0,2017-11-13
2017-11-15,2017,11,15,Wed,1,0,2017-11-14
2017-11-16,2017,11,16,Thu,1,0,2017-11-15
2017-11-17,2017,11,17,Fri,1,0,2017-11-16
2017-11-18,2017,11,18,Sat,0,0,2017-11-17
2017-11-19,2017,11,19,Sun,0,0,2017-11-17
2017-11-20,2017,11,20,Mon,1,0,2017-11-17
2017-11-21,2017,11,21,Tue,1,0,2017-11-20
2017-11-22,2017,11,22,Wed,1,0,2017-11-21
2017-11-23,2017,11,23,Thu,0,0,2017-11-22
2017-11-24,2017,11,24,Fri,1,0,2017-11-22
2017-11-25,2017,11,25,Sat,0,0,2017-11-24
2017-11-26,2017,11,26,Sun,0,0,2017-11-24
2017-11-27,2017,11,27,Mon,1,0,2017-11-24
2017-11-28,2017,11,28,Tue,1,0,2017-11-27
2017-11-29,2017,11,29,Wed,1,0,2017-11-28
2017-11-30,2017,11,30,Thu,1,1,2017-11-29
2017-12-01,2017,12,1,Fri,1,0,2017-11-30
2017-12-02,2017,12,2,Sat,0,0,2017-12-01
2017-12-03,2017,12,3,Sun,0,0,2017-12-01
2017-12-04,2017,12,4,Mon,1,0,2017-12-01
2017-12-05,2017,12,5,Tue,1,0,2017-12-04
2017-12-06,2017,12,6,Wed,1,0,2017-12-05
2017-12-07,2017,12,7,Thu,1,0,2017-12-06
2017-12-08,2017,12,8,Fri,1,0,2017-12-07
2017-12-09,2017,12,9,Sat,0,0,2017-12-08
2017-12-10,2017,12,10,Sun,0,0,2017-12-08
2017-12-11,2017,12,11,Mon,1,0,2017-12-08
2017-12-12,2017,12,12,Tue,1,0,2017-12-11
2017-12-13,2017,12,13,Wed,1,0,2017-12-12
2017-12-14,2017,12,14,Thu,1,0,2017-12-13
2017-12-15,2017,12,15,Fri,1,0,2017-12-14
2017-12-16,2017,12,16,Sat,0,0,2017-12-15
2017-12-17,2017,12,17,Sun,0,0,2017-12-15
2017-12-18,2017,12,18,Mon,1,0,2017-12-15
2017-12-19,2017,12,19,Tue,1,0,2017-12-18
2017-12-20,2017,12,20,Wed,1,0,2017-12-19
2017-12-21,2017,12,21,Thu,1,0,2017-12-20
2017-12-22,2017,12,22,Fri,1,0,2017-12-21
2017-12-23,2017,12,23,Sat,0,0,2017-12-22
2017-12-24,2017,12,24,Sun,0,0,2017-12-22
2017-12-25,2017,12,25,Mon,0,0,2017-12-22
2017-12-26,2017,12,26,Tue,1,0,2017-12-22
2017-12-27,2017,12,27,Wed,1,0,2017-12-26
2017-12-28,2017,12,28,Thu,1,0,2017-12-27
2017-12-29,2017,12,29,Fri,1,1,2017-12-28
2017-12-30,2017,12,30,Sat,0,0,2017-12-29
2017-12-31,2017,12,31,Sun,0,0,2017-12-29
2018-01-01,2018,1,1,Mon,0,0,2017-12-29
2018-01-02,2018,1,2,Tue,1,0,2017-12-29
2018-01-03,2018,1,3,Wed,1,0,2018-01-02
2018-01-04,2018,1,4,Thu,1,0,2018-01-03
2018-01-05,2018,1,5,Fri,1,0,2018-01-04
2018-01-06,2018,1,6,Sat,0,0,2018-01-05
2018-01-07,2018,1,7,Sun,0,0,2018-01-05
2018-01-08,2018,1,8,Mon,1,0,2018-01-05
2018-01-09,2018,1,9,Tue,1,0,2018-01-08
2018-01-10,2018,1,10,Wed,1,0,2018-01-09
2018-01-11,2018,1,11,Thu,1,0,2018-01-10
2018-01-12,2018,1,12,Fri,1,0,2018-01-11
2018-01-13,2018,1,13,Sat,0,0,2018-01-12
2018-01-14,2018,1,14,Sun,0,0,2018-01-12
2018-01-15,2018,1,15,Mon,0,0,2018-01-12
2018-01-16,2018,1,16,Tue,1,0,2018-01-12
2018-01-17,2018,1,17,Wed,1,0,2018-01-16
2018-01-18,2018,1,18,Thu,1,0,2018-01-17
2018-01-19,2018,1,19,Fri,1,0,2018-01-18
2018-01-20,2018,1,20,Sat,0,0,2018-01-19
2018-01-21,2018,1,21,Sun,0,0,2018-01-19
2018-01-22,2018,1,22,Mon,1,0,2018-01-19
2018-01-23,2018,1,23,Tue,1,0,2018-01-22
2018-01-24,2018,1,24,Wed,1,0,2018-01-23
2018-01-25,2018,1,25,Thu,1,0,2018-01-24
2018-01-26,2018,1,26,Fri,1,0,2018-01-25
2018-01-27,2018,1,27,Sat,0,0,2018-01-26
2018-01-28,2018,1,28,Sun,0,0,2018-01-26
2018-01-29,2018,1,29,Mon,1,0,2018-01-26
2018-01-30,2018,1,30,Tue,1,0,2018-01-29
2018-01-31,2018,1,31,Wed,1,1,2018-01-30
2018-02-01,2018,2,1,Thu,1,0,2018-01-31
2018-02-02,2018,2,2,Fri,1,0,2018-02-01
2018-02-03,2018,2,3,Sat,0,0,2018-02-02
2018-02-04,2018,2,4,Sun,0,0,2018-02-02
2018-02-05,2018,2,5,Mon,1,0,2018-02-02
2018-02-06,2018,2,6,Tue,1,0,2018-02-05
2018-02-07,2018,2,7,Wed,1,0,2018-02-06
2018-02-08,2018,2,8,Thu,1,0,2018-02-07
2018-02-09,2018,2,9,Fri,1,0,2018-02-08
2018-02-10,2018,2,10,Sat,0,0,2018-02-09
2018-02-11,2018,2,11,Sun,0,0,2018-02-09
2018-02-12,2018,2,12,Mon,1,0,2018-02-09
2018-02-13,2018,2,13,Tue,1,0,2018-02-12
2018-02-14,2018,2,14,Wed,1,0,2018-02-13
2018-02-15,2018,2,15,Thu,1,0,2018-02-14
2018-02-16,2018,2,16,Fri,1,0,2018-02-15
2018-02-17,2018,2,17,Sat,0,0,2018-02-16
2018-02-18,2018,2,18,Sun,0,0,2018-02-16
2018-02-19,2018,2,19,Mon,0,0,2018-02-16
2018-02-20,2018,2,20,Tue,1,0,2018-02-16
2018-02-21,2018,2,21,Wed,1,0,2018-02-20
2018-02-22,2018,2,22,Thu,1,0,2018-02-21
2018-02-23,2018,2,23,Fri,1,0,2018-02-22
2018-02-24,2018,2,24,Sat,0,0,2018-02-23
2018-02-25,2018,2,25,Sun,0,0,2018-02-23
2018-02-26,2018,2,26,Mon,1,0,2018-02-23
2018-02-27,2018,2,27,Tue,1,0,2018-02-26
2018-02-28,2018,2,28,Wed,1,1,2018-02-27
2018-03-01,2018,3,1,Thu,1,0,2018-02-28
2018-03-02,2018,3,2,Fri,1,0,2018-03-01
2018-03-03,2018,3,3,Sat,0,0,2018-03-02
2018-03-04,2018,3,4,Sun,0,0,2018-03-02
2018-03-05,2018,3,5,Mon,1,0,2018-03-02
2018-03-06,2018,3,6,Tue,1,0,2018-03-05
2018-03-07,2018,3,7,Wed,1,0,2018-03-06
2018-03-08,2018,3,8,Thu,1,0,2018-03-07
2018-03-09,2018,3,9,Fri,1,0,2018-03-08
2018-03-10,2018,3,10,Sat,0,0,2018-03-09
2018-03-11,2018,3,11,Sun,0,0,2018-03-09
2018-03-12,2018,3,12,Mon,1,0,2018-03-09
2018-03-13,2018,3,13,Tue,1,0,2018-03-12
2018-03-14,2018,3,14,Wed,1,0,2018-03-13
2018-03-15,2018,3,15,Thu,1,0,2018-03-14
2018-03-16,2018,3,16,Fri,1,0,2018-03-15
2018-03-17,2018,3,17,Sat,0,0,2018-03-16
2018-03-18,2018,3,18,Sun,0,0,2018-03-16
2018-03-19,2018,3,19,Mon,1,0,2018-03-16
2018-03-20,2018,3,20,Tue,1,0,2018-03-19
2018-03-21,2018,3,21,Wed,1,0,2018-03-20
2018-03-22,2018,3,22,Thu,1,0,2018-03-21
2018-03-23,2018,3,23,Fri,1,0,2018-03-22
2018-03-24,2018,3,24,Sat,0,0,2018-03-23
2018-03-25,2018,3,25,Sun,0,0,2018-03-23
2018-03-26,2018,3,26,Mon,1,0,2018-03-23
2018-03-27,2018,3,27,Tue,1,0,2018-03-26
2018-03-28,2018,3,28,Wed,1,0,2018-03-27
2018-03-29,2018,3,29,Thu,1,1,2018-03-28
2018-03-30,2018,3,30,Fri,0,0,2018-03-29
2018-03-31,2018,3,31,Sat,0,0,2018-03-29
2018-04-01,2018,4,1,Sun,0,0,2018-03-29
2018-04-02,2018,4,2,Mon,1,0,2018-03-29
2018-04-03,2018,4,3,Tue,1,0,2018-04-02
2018-04-04,2018,4,4,Wed,1,0,2018-04-03
2018-04-05,2018,4,5,Thu,1,0,2018-04-04
2018-04-06,2018,4,6,Fri,1,0,2018-04-05
2018-04-07,2018,4,7,Sat,0,0,2018-04-06
2018-04-08,2018,4,8,Sun,0,0,2018-04-06
2018-04-09,2018,4,9,Mon,1,0,2018-04-06
2018-04-10,2018,4,10,Tue,1,0,2018-04-09
2018-04-11,2018,4,11,Wed,1,0,2018-04-10
2018-04-12,2018,4,12,Thu,1,0,2018-04-11
2018-04-13,2018,4,13,Fri,1,0,2018-04-12
2018-04-14,2018,4,14,Sat,0,0,2018-04-13
2018-04-15,2018,4,15,Sun,0,0,2018-04-13
2018-04-16,2018,4,16,Mon,1,0,2018-04-13
2018-04-17,2018,4,17,Tue,1,0,2018-04-16
2018-04-18,2018,4,18,Wed,1,0,2018-04-17
2018-04-19,2018,4,19,Thu,1,0,2018-04-18
2018-04-20,2018,4,20,Fri,1,0,2018-04-19
2018-04-21,2018,4,21,Sat,0,0,2018-04-20
2018-04-22,2018,4,22,Sun,0,0,2018-04-20
2018-04-23,2018,4,23,Mon,1,0,2018-04-20
2018-04-24,2018,4,24,Tue,1,0,2018-04-23
2018-04-25,2018,4,25,Wed,1,0,2018-04-24
2018-04-26,2018,4,26,Thu,1,0,2018-04-25
2018-04-27,2018,4,27,Fri,1,0,2018-04-26
2018-04-28,2018,4,28,Sat,0,0,2018-04-27
2018-04-29,2018,4,29,Sun,0,0,2018-04-27
2018-04-30,2018,4,30,Mon,1,1,2018-04-27
2018-05-01,2018,5,1,Tue,1,0,2018-04-30
2018-05-02,2018,5,2,Wed,1,0,2018-05-01
2018-05-03,2018,5,3,Thu,1,0,2018-05-02
2018-05-04,2018,5,4,Fri,1,0,2018-05-03
2018-05-05,2018,5,5,Sat,0,0,2018-05-04
2018-05-06,2018,5,6,Sun,0,0,2018-05-04
2018-05-07,2018,5,7,Mon,1,0,2018-05-04
2018-05-08,2018,5,8,Tue,1,0,2018-05-07
2018-05-09,2018,5,9,Wed,1,0,2018-05-08
2018-05-10,2018,5,10,Thu,1,0,2018-05-09
2018-05-11,2018,5,11,Fri,1,0,2018-05-10
2018-05-12,2018,5,12,Sat,0,0,2018-05-11
2018-05-13,2018,5,13,Sun,0,0,2018-05-11
2018-05-14,2018,5,14,Mon,1,0,2018-05-11
2018-05-15,2018,5,15,Tue,1,0,2018-05-14
2018-05-16,2018,5,16,Wed,1,0,2018-05-15
2018-05-17,2018,5,17,Thu,1,0,2018-05-16
2018-05-18,2018,5,18,Fri,1,0,2018-05-17
2018-05-19,2018,5,19,Sat,0,0,2018-05-18
2018-05-20,2018,5,20,Sun,0,0,2018-05-18
2018-05-21,2018,5,21,Mon,1,0,2018-05-18
2018-05-22,2018,5,22,Tue,1,0,2018-05-21
2018-05-23,2018,5,23,Wed,1,0,2018-05-22
2018-05-24,2018,5,24,Thu,1,0,2018-05-23
2018-05-25,2018,5,25,Fri,1,0,2018-05-24
2018-05-26,2018,5,26,Sat,0,0,2018-05-25
2018-05-27,2018,5,27,Sun,0,0,2018-05-25
2018-05-28,2018,5,28,Mon,0,0,2018-05-25
2018-05-29,2018,5,29,Tue,1,0,2018-05-25
2018-05-30,2018,5,30,Wed,1,0,2018-05-29
2018-05-31,2018,5,31,Thu,1,1,2018-05-30
2018-06-01,2018,6,1,Fri,1,0,2018-05-31
2018-06-02,2018,6,2,Sat,0,0,2018-06-01
2018-06-03,2018,6,3,Sun,0,0,2018-06-01
2018-06-04,2018,6,4,Mon,1,0,2018-06-01
2018-06-05,2018,6,5,Tue,1,0,2018-06-04
2018-06-06,2018,6,6,Wed,1,0,2018-06-05
2018-06-07,2018,6,7,Thu,1,0,2018-06-06
2018-06-08,2018,6,8,Fri,1,0,2018-06-07
2018-06-09,2018,6,9,Sat,0,0,2018-06-08
2018-06-10,2018,6,10,Sun,0,0,2018-06-08
2018-06-11,2018,6,11,Mon,1,0,2018-06-08
2018-06-12,2018,6,12,Tue,1,0,2018-06-11
2018-06-13,2018,6,13,Wed,1,0,2018-06-12
2018-06-14,2018,6,14,Thu,1,0,2018-06-13
2018-06-15,2018,6,15,Fri,1,0,2018-06-14
2018-06-16,2018,6,16,Sat,0,0,2018-06-15
2018-06-17,2018,6,17,Sun,0,0,2018-06-15
2018-06-18,2018,6,18,Mon,1,0,2018-06-15
2018-06-19,2018,6,19,Tue,1,0,2018-06-18
2018-06-20,2018,6,20,Wed,1,0,2018-06-19
2018-06-21,2018,6,21,Thu,1,0,2018-06-20
2018-06-22,2018,6,22,Fri,1,0,2018-06-21
2018-06-23,2018,6,23,Sat,0,0,2018-06-22
2018-06-24,2018,6,24,Sun,0,0,2018-06-22
2018-06-25,2018,6,25,Mon,1,0,2018-06-22
2018-06-26,2018,6,26,Tue,1,0,2018-06-25
2018-06-27,2018,6,27,Wed,1,0,2018-06-26
2018-06-28,2018,6,28,Thu,1,0,2018-06-27
2018-06-29,2018,6,29,Fri,1,1,2018-06-28
2018-06-30,2018,6,30,Sat,0,0,2018-06-29
2018-07-01,2018,7,1,Sun,0,0,2018-06-29
2018-07-02,2018,7,2,Mon,1,0,2018-06-29
2018-07-03,2018,7,3,Tue,1,0,2018-07-02
2018-07-04,2018,7,4,Wed,0,0,2018-07-03
2018-07-05,2018,7,5,Thu,1,0,2018-07-03
2018-07-06,2018,7,6,Fri,1,0,2018-07-05
2018-07-07,2018,7,7,Sat,0,0,2018-07-06
2018-07-08,2018,7,8,Sun,0,0,2018-07-06
2018-07-09,2018,7,9,Mon,1,0,2018-07-06
2018-07-10,2018,7,10,Tue,1,0,2018-07-09
2018-07-11,2018,7,11,Wed,1,0,2018-07-10
2018-07-12,2018,7,12,Thu,1,0,2018-07-11
2018-07-13,2018,7,13,Fri,1,0,2018-07-12
2018-07-14,2018,7,14,Sat,0,0,2018-07-13
2018-07-15,2018,7,15,Sun,0,0,2018-07-13
2018-07-16,2018,7,16,Mon,1,0,2018-07-13
2018-07-17,2018,7,17,Tue,1,0,2018-07-16
2018-07-18,2018,7,18,Wed,1,0,2018-07-17
2018-07-19,2018,7,19,Thu,1,0,2018-07-18
2018-07-20,2018,7,20,Fri,1,0,2018-07-19
2018-07-21,2018,7,21,Sat,0,0,2018-07-20
2018-07-22,2018,7,22,Sun,0,0,2018-07-20
2018-07-23,2018,7,23,Mon,1,0,2018-07-20
2018-07-24,2018,7,24,Tue,1,0,2018-07-23
2018-07-25,2018,7,25,Wed,1,0,2018-07-24
2018-07-26,2018,7,26,Thu,1,0,2018-07-25
2018-07-27,2018,7,27,Fri,1,0,2018-07-26
2018-07-28,2018,7,28,Sat,0,0,2018-07-27
2018-07-29,2018,7,29,Sun,0,0,2018-07-27
2018-07-30,2018,7,30,Mon,1,0,2018-07-27
2018-07-31,2018,7,31,Tue,1,1,2018-07-30
2018-08-01,2018,8,1,Wed,1,0,2018-07-31
2018-08-02,2018,8,2,Thu,1,0,2018-08-01
2018-08-03,2018,8,3,Fri,1,0,2018-08-02
2018-08-04,2018,8,4,Sat,0,0,2018-08-03
2018-08-05,2018,8,5,Sun,0,0,2018-08-03
2018-08-06,2018,8,6,Mon,1,0,2018-08-03
2018-08-07,2018,8,7,Tue,1,0,2018-08-06
2018-08-08,2018,8,8,Wed,1,0,2018-08-07
2018-08-09,2018,8,9,Thu,1,0,2018-08-08
2018-08-10,2018,8,10,Fri,1,0,2018-08-09
2018-08-11,2018,8,11,Sat,0,0,2018-08-10
2018-08-12,2018,8,12,Sun,0,0,2018-08-10
2018-08-13,2018,8,13,Mon,1,0,2018-08-10
2018-08-14,2018,8,14,Tue,1,0,2018-08-13
2018-08-15,2018,8,15,Wed,1,0,2018-08-14
2018-08-16,2018,8,16,Thu,1,0,2018-08-15
2018-08-17,2018,8,17,Fri,1,0,2018-08-16
2018-08-18,2018,8,18,Sat,0,0,2018-08-17
2018-08-19,2018,8,19,Sun,0,0,2018-08-17
2018-08-20,2018,8,20,Mon,1,0,2018-08-17
2018-08-21,2018,8,21,Tue,1,0,2018-08-20
2018-08-22,2018,8,22,Wed,1,0,2018-08-21
2018-08-23,2018,8,23,Thu,1,0,2018-08-22
2018-08-24,2018,8,24,Fri,1,0,2018-08-23
2018-08-25,2018,8,25,Sat,0,0,2018-08-24
2018-08-26,2018,8,26,Sun,0,0,2018-08-24
2018-08-27,2018,8,27,Mon,1,0,2018-08-24
2018-08-28,2018,8,28,Tue,1,0,2018-08-27
2018-08-29,2018,8,29,Wed,1,0,2018-08-28
2018-08-30,2018,8,30,Thu,1,0,2018-08-29
2018-08-31,2018,8,31,Fri,1,1,2018-08-30
2018-09-01,2018,9,1,Sat,0,0,2018-08-31
2018-09-02,2018,9,2,Sun,0,0,2018-08-31
2018-09-03,2018,9,3,Mon,0,0,2018-08-31
2018-09-04,2018,9,4,Tue,1,0,2018-08-31
2018-09-05,2018,9,5,Wed,1,0,2018-09-04
2018-09-06,2018,9,6,Thu,1,0,2018-09-05
2018-09-07,2018,9,7,Fri,1,0,2018-09-06
2018-09-08,2018,9,8,Sat,0,0,2018-09-07
2018-09-09,2018,9,9,Sun,0,0,2018-09-07
2018-09-10,2018,9,10,Mon,1,0,2018-09-07
2018-09-11,2018,9,11,Tue,1,0,2018-09-10
2018-09-12,2018,9,12,Wed,1,0,2018-09-11
2018-09-13,2018,9,13,Thu,1,0,2018-09-12
2018-09-14,2018,9,14,Fri,1,0,2018-09-13
2018-09-15,2018,9,15,Sat,0,0,2018-09-14
2018-09-16,2018,9,16,Sun,0,0,2018-09-14
2018-09-17,2018,9,17,Mon,1,0,2018-09-14
2018-09-18,2018,9,18,Tue,1,0,2018-09-17
2018-09-19,2018,9,19,Wed,1,0,2018-09-18
2018-09-20,2018,9,20,Thu,1,0,2018-09-19
2018-09-21,2018,9,21,Fri,1,0,2018-09-20
2018-09-22,2018,9,22,Sat,0,0,2018-09-21
2018-09-23,2018,9,23,Sun,0,0,2018-09-21
2018-09-24,2018,9,24,Mon,1,0,2018-09-21
2018-09-25,2018,9,25,Tue,1,0,2018-09-24
2018-09-26,2018,9,26,Wed,1,0,2018-09-25
2018-09-27,2018,9,27,Thu,1,0,2018-09-26
2018-09-28,2018,9,28,Fri,1,1,2018-09-27
2018-09-29,2018,9,29,Sat,0,0,2018-09-28
2018-09-30,2018,9,30,Sun,0,0,2018-09-28
2018-10-01,2018,10,1,Mon,1,0,2018-09-28
2018-10-02,2018,10,2,Tue,1,0,2018-10-01
2018-10-03,2018,10,3,Wed,1,0,2018-10-02
2018-10-04,2018,10,4,Thu,1,0,2018-10-03
2018-10-05,2018,10,5,Fri,1,0,2018-10-04
2018-10-06,2018,10,6,Sat,0,0,2018-10-05
2018-10-07,2018,10,7,Sun,0,0,2018-10-05
2018-10-08,2018,10,8,Mon,1,0,2018-10-05
2018-10-09,2018,10,9,Tue,1,0,2018-10-08
2018-10-10,2018,10,10,Wed,1,0,2018-10-09
2018-10-11,2018,10,11,Thu,1,0,2018-10-10
2018-10-12,2018,10,12,Fri,1,0,2018-10-11
2018-10-13,2018,10,13,Sat,0,0,2018-10-12
2018-10-14,2018,10,14,Sun,0,0,2018-10-12
2018-10-15,2018,10,15,Mon,1,0,2018-10-12
2018-10-16,2018,10,16,Tue,1,0,2018-10-15
2018-10-17,2018,10,17,Wed,1,0,2018-10-16
2018-10-18,2018,10,18,Thu,1,0,2018-10-17
2018-10-19,2018,10,19,Fri,1,0,2018-10-18
2018-10-20,2018,10,20,Sat,0,0,2018-10-19
2018-10-21,2018,10,21,Sun,0,0,2018-10-19
2018-10-22,2018,10,22,Mon,1,0,2018-10-19
2018-10-23,2018,10,23,Tue,1,0,2018-10-22
2018-10-24,2018,10,24,Wed,1,0,2018-10-23
2018-10-25,2018,10,25,Thu,1,0,2018-10-24
2018-10-26,2018,10,26,Fri,1,0,2018-10-25
2018-10-27,2018,10,27,Sat,0,0,2018-10-26
2018-10-28,2018,10,28,Sun,0,0,2018-10-26
2018-10-29,2018,10,29,Mon,1,0,2018-10-26
2018-10-30,2018,10,30,Tue,1,0,2018-10-29
2018-10-31,2018,10,31,Wed,1,1,2018-10-30
2018-11-01,2018,11,1,Thu,1,0,2018-10-31
2018-11-02,2018,11,2,Fri,1,0,2018-11-01
2018-11-03,2018,11,3,Sat,0,0,2018-11-02
2018-11-04,2018,11,4,Sun,0,0,2018-11-02
2018-11-05,2018,11,5,Mon,1,0,2018-11-02
2018-11-06,2018,11,6,Tue,1,0,2018-11-05
2018-11-07,2018,11,7,Wed,1,0,2018-11-06
2018-11-08,2018,11,8,Thu,1,0,2018-11-07
2018-11-09,2018,11,9,Fri,1,0,2018-11-08
2018-11-10,2018,11,10,Sat,0,0,2018-11-09
2018-11-11,2018,11,11,Sun,0,0,2018-11-09
2018-11-12,2018,11,12,Mon,1,0,2018-11-09
2018-11-13,2018,11,13,Tue,1,0,2018-11-12
2018-11-14,2018,11,14,Wed,1,0,2018-11-13
2018-11-15,2018,11,15,Thu,1,0,2018-11-14
2018-11-16,2018,11,16,Fri,1,0,2018-11-15
2018-11-17,2018,11,17,Sat,0,0,2018-11-16
2018-11-18,2018,11,18,Sun,0,0,2018-11-16
2018-11-19,2018,11,19,Mon,1,0,2018-11-16
2018-11-20,2018,11,20,Tue,1,0,2018-11-19
2018-11-21,2018,11,21,Wed,1,0,2018-11-20
2018-11-22,2018,11,22,Thu,0,0,2018-11-21
2018-11-23,2018,11,23,Fri,1,0,2018-11-21
2018-11-24,2018,11,24,Sat,0,0,2018-11-23
2018-11-25,2018,11,25,Sun,0,0,2018-11-23
2018-11-26,2018,11,26,Mon,1,0,2018-11-23
2018-11-27,2018,11,27,Tue,1,0,2018-11-26
2018-11-28,2018,11,28,Wed,1,0,2018-11-27
2018-11-29,2018,11,29,Thu,1,0,2018-11-28
2018-11-30,2018,11,30,Fri,1,1,2018-11-29
2018-12-01,2018,12,1,Sat,0,0,2018-11-30
2018-12-02,2018,12,2,Sun,0,0,2018-11-30
2018-12-03,2018,12,3,Mon,1,0,2018-11-30
2018-12-04,2018,12,4,Tue,1,0,2018-12-03
2018-12-05,2018,12,5,Wed,0,0,2018-12-04
2018-12-06,2018,12,6,Thu,1,0,2018-12-04
2018-12-07,2018,12,7,Fri,1,0,2018-12-06
2018-12-08,2018,12,8,Sat,0,0,2018-12-07
2018-12-09,2018,12,9,Sun,0,0,2018-12-07
2018-12-10,2018,12,10,Mon,1,0,2018-12-07
2018-12-11,2018,12,11,Tue,1,0,2018-12-10
2018-12-12,2018,12,12,Wed,1,0,2018-12-11
2018-12-13,2018,12,13,Thu,1,0,2018-12-12
2018-12-14,2018,12,14,Fri,1,0,2018-12-13
2018-12-15,2018,12,15,Sat,0,0,2018-12-14
2018-12-16,2018,12,16,Sun,0,0,2018-12-14
2018-12-17,2018,12,17,Mon,1,0,2018-12-14
2018-12-18,2018,12,18,Tue,1,0,2018-12-17
2018-12-19,2018,12,19,Wed,1,0,2018-12-18
2018-12-20,2018,12,20,Thu,1,0,2018-12-19
2018-12-21,2018,12,21,Fri,1,0,2018-12-20
2018-12-22,2018,12,22,Sat,0,0,2018-12-21
2018-12-23,2018,12,23,Sun,0,0,2018-12-21
2018-12-24,2018,12,24,Mon,1,0,2018-12-21
2018-12-25,2018,12,25,Tue,0,0,2018-12-24
2018-12-26,2018,12,26,Wed,1,0,2018-12-24
2018-12-27,2018,12,27,Thu,1,0,2018-12-26
2018-12-28,2018,12,28,Fri,1,0,2018-12-27
2018-12-29,2018,12,29,Sat,0,0,2018-12-28
2018-12-30,2018,12,30,Sun,0,0,2018-12-28
2018-12-31,2018,12,31,Mon,1,1,2018-12-28
2019-01-01,2019,1,1,Tue,0,0,2018-12-31
2019-01-02,2019,1,2,Wed,1,0,2018-12-31
2019-01-03,2019,1,3,Thu,1,0,2019-01-02
2019-01-04,2019,1,4,Fri,1,0,2019-01-03
2019-01-05,2019,1,5,Sat,0,0,2019-01-04
2019-01-06,2019,1,6,Sun,0,0,2019-01-04
2019-01-07,2019,1,7,Mon,1,0,2019-01-04
2019-01-08,2019,1,8,Tue,1,0,2019-01-07
2019-01-09,2019,1,9,Wed,1,0,2019-01-08
2019-01-10,2019,1,10,Thu,1,0,2019-01-09
2019-01-11,2019,1,11,Fri,1,0,2019-01-10
2019-01-12,2019,1,12,Sat,0,0,2019-01-11
2019-01-13,2019,1,13,Sun,0,0,2019-01-11
2019-01-14,2019,1,14,Mon,1,0,2019-01-11
2019-01-15,2019,1,15,Tue,1,0,2019-01-14
2019-01-16,2019,1,16,Wed,1,0,2019-01-15
2019-01-17,2019,1,17,Thu,1,0,2019-01-16
2019-01-18,2019,1,18,Fri,1,0,2019-01-17
2019-01-19,2019,1,19,Sat,0,0,2019-01-18
2019-01-20,2019,1,20,Sun,0,0,2019-01-18
2019-01-21,2019,1,21,Mon,0,0,2019-01-18
2019-01-22,2019,1,22,Tue,1,0,2019-01-18
2019-01-23,2019,1,23,Wed,1,0,2019-01-22
2019-01-24,2019,1,24,Thu,1,0,2019-01-23
2019-01-25,2019,1,25,Fri,1,0,2019-01-24
2019-01-26,2019,1,26,Sat,0,0,2019-01-25
2019-01-27,2019,1,27,Sun,0,0,2019-01-25
2019-01-28,2019,1,28,Mon,1,0,2019-01-25
2019-01-29,2019,1,29,Tue,1,0,2019-01-28
2019-01-30,2019,1,30,Wed,1,0,2019-01-29
2019-01-31,2019,1,31,Thu,1,1,2019-01-30
2019-02-01,2019,2,1,Fri,1,0,2019-01-31
2019-02-02,2019,2,2,Sat,0,0,2019-02-01
2019-02-03,2019,2,3,Sun,0,0,2019-02-01
2019-02-04,2019,2,4,Mon,1,0,2019-02-01
2019-02-05,2019,2,5,Tue,1,0,2019-02-04
2019-02-06,2019,2,6,Wed,1,0,2019-02-05
2019-02-07,2019,2,7,Thu,1,0,2019-02-06
2019-02-08,2019,2,8,Fri,1,0,2019-02-07
2019-02-09,2019,2,9,Sat,0,0,2019-02-08
2019-02-10,2019,2,10,Sun,0,0,2019-02-08
2019-02-11,2019,2,11,Mon,1,0,2019-02-08
2019-02-12,2019,2,12,Tue,1,0,2019-02-11
2019-02-13,2019,2,13,Wed,1,0,2019-02-12
2019-02-14,2019,2,14,Thu,1,0,2019-02-13
2019-02-15,2019,2,15,Fri,1,0,2019-02-14
2019-02-16,2019,2,16,Sat,0,0,2019-02-15
2019-02-17,2019,2,17,Sun,0,0,2019-02-15
2019-02-18,2019,2,18,Mon,0,0,2019-02-15
2019-02-19,2019,2,19,Tue,1,0,2019-02-15
2019-02-20,2019,2,20,Wed,1,0,2019-02-19
2019-02-21,2019,2,21,Thu,1,0,2019-02-20
2019-02-22,2019,2,22,Fri,1,0,2019-02-21
2019-02-23,2019,2,23,Sat,0,0,2019-02-22
2019-02-24,2019,2,24,Sun,0,0,2019-02-22
2019-02-25,2019,2,25,Mon,1,0,2019-02-22
2019-02-26,2019,2,26,Tue,1,0,2019-02-25
2019-02-27,2019,2,27,Wed,1,0,2019-02-26
2019-02-28,2019,2,28,Thu,1,1,2019-02-27
2019-03-01,2019,3,1,Fri,1,0,2019-02-28
2019-03-02,2019,3,2,Sat,0,0,2019-03-01
2019-03-03,2019,3,3,Sun,0,0,2019-03-01
2019-03-04,2019,3,4,Mon,1,0,2019-03-01
2019-03-05,2019,3,5,Tue,1,0,2019-03-04
2019-03-06,2019,3,6,Wed,1,0,2019-03-05
2019-03-07,2019,3,7,Thu,1,0,2019-03-06
2019-03-08,2019,3,8,Fri,1,0,2019-03-07
2019-03-09,2019,3,9,Sat,0,0,2019-03-08
2019-03-10,2019,3,10,Sun,0,0,2019-03-08
2019-03-11,2019,3,11,Mon,1,0,2019-03-08
2019-03-12,2019,3,12,Tue,1,0,2019-03-11
2019-03-13,2019,3,13,Wed,1,0,2019-03-12
2019-03-14,2019,3,14,Thu,1,0,2019-03-13
2019-03-15,2019,3,15,Fri,1,0,2019-03-14
2019-03-16,2019,3,16,Sat,0,0,2019-03-15
2019-03-17,2019,3,17,Sun,0,0,2019-03-15
2019-03-18,2019,3,18,Mon,1,0,2019-03-15
2019-03-19,2019,3,19,Tue,1,0,2019-03-18
2019-03-20,2019,3,20,Wed,1,0,2019-03-19
2019-03-21,2019,3,21,Thu,1,0,2019-03-20
2019-03-22,2019,3,22,Fri,1,0,2019-03-21
2019-03-23,2019,3,23,Sat,0,0,2019-03-22
2019-03-24,2019,3,24,Sun,0,0,2019-03-22
2019-03-25,2019,3,25,Mon,1,0,2019-03-22
2019-03-26,2019,3,26,Tue,1,0,2019-03-25
2019-03-27,2019,3,27,Wed,1,0,2019-03-26
2019-03-28,2019,3,28,Thu,1,0,2019-03-27
2019-03-29,2019,3,29,Fri,1,1,2019-03-28
2019-03-30,2019,3,30,Sat,0,0,2019-03-29
2019-03-31,2019,3,31,Sun,0,0,2019-03-29
2019-04-01,2019,4,1,Mon,1,0,2019-03-29
2019-04-02,2019,4,2,Tue,1,0,2019-04-01
2019-04-03,2019,4,3,Wed,1,0,2019-04-02
2019-04-04,2019,4,4,Thu,1,0,2019-04-03
2019-04-05,2019,4,5,Fri,1,0,2019-04-04
2019-04-06,2019,4,6,Sat,0,0,2019-04-05
2019-04-07,2019,4,7,Sun,0,0,2019-04-05
2019-04-08,2019,4,8,Mon,1,0,2019-04-05
2019-04-09,2019,4,9,Tue,1,0,2019-04-08
2019-04-10,2019,4,10,Wed,1,0,2019-04-09
2019-04-11,2019,4,11,Thu,1,0,2019-04-10
2019-04-12,2019,4,12,Fri,1,0,2019-04-11
2019-04-13,2019,4,13,Sat,0,0,2019-04-12
2019-04-14,2019,4,14,Sun,0,0,2019-04-12
2019-04-15,2019,4,15,Mon,1,0,2019-04-12
2019-04-16,2019,4,16,Tue,1,0,2019-04-15
2019-04-17,2019,4,17,Wed,1,0,2019-04-16
2019-04-18,2019,4,18,Thu,1,0,2019-04-17
2019-04-19,2019,4,19,Fri,0,0,2019-04-18
2019-04-20,2019,4,20,Sat,0,0,2019-04-18
2019-04-21,2019,4,21,Sun,0,0,2019-04-18
2019-04-22,2019,4,22,Mon,1,0,2019-04-18
2019-04-23,2019,4,23,Tue,1,0,2019-04-22
2019-04-24,2019,4,24,Wed,1,0,2019-04-23
2019-04-25,2019,4,25,Thu,1,0,2019-04-24
2019-04-26,2019,4,26,Fri,1,0,2019-04-25
2019-04-27,2019,4,27,Sat,0,0,2019-04-26
2019-04-28,2019,4,28,Sun,0,0,2019-04-26
2019-04-29,2019,4,29,Mon,1,0,2019-04-26
2019-04-30,2019,4,30,Tue,1,1,2019-04-29
2019-05-01,2019,5,1,Wed,1,0,2019-04-30
2019-05-02,2019,5,2,Thu,1,0,2019-05-01
2019-05-03,2019,5,3,Fri,1,0,2019-05-02
2019-05-04,2019,5,4,Sat,0,0,2019-05-03
2019-05-05,2019,5,5,Sun,0,0,2019-05-03
2019-05-06,2019,5,6,Mon,1,0,2019-05-03
2019-05-07,2019,5,7,Tue,1,0,2019-05-06
2019-05-08,2019,5,8,Wed,1,0,2019-05-07
2019-05-09,2019,5,9,Thu,1,0,2019-05-08
2019-05-10,2019,5,10,Fri,1,0,2019-05-09
2019-05-11,2019,5,11,Sat,0,0,2019-05-10
2019-05-12,2019,5,12,Sun,0,0,2019-05-10
2019-05-13,2019,5,13,Mon,1,0,2019-05-10
2019-05-14,2019,5,14,Tue,1,0,2019-05-13
2019-05-15,2019,5,15,Wed,1,0,2019-05-14
2019-05-16,2019,5,16,Thu,1,0,2019-05-15
2019-05-17,2019,5,17,Fri,1,0,2019-05-16
2019-05-18,2019,5,18,Sat,0,0,2019-05-17
2019-05-19,2019,5,19,Sun,0,0,2019-05-17
2019-05-20,2019,5,20,Mon,1,0,2019-05-17
2019-05-21,2019,5,21,Tue,1,0,2019-05-20
2019-05-22,2019,5,22,Wed,1,0,2019-05-21
2019-05-23,2019,5,23,Thu,1,0,2019-05-22
2019-05-24,2019,5,24,Fri,1,0,2019-05-23
2019-05-25,2019,5,25,Sat,0,0,2019-05-24
2019-05-26,2019,5,26,Sun,0,0,2019-05-24
2019-05-27,2019,5,27,Mon,0,0,2019-05-24
2019-05-28,2019,5,28,Tue,1,0,2019-05-24
2019-05-29,2019,5,29,Wed,1,0,2019-05-28
2019-05-30,2019,5,30,Thu,1,0,2019-05-29
2019-05-31,2019,5,31,Fri,1,1,2019-05-30
2019-06-01,2019,6,1,Sat,0,0,2019-05-31
2019-06-02,2019,6,2,Sun,0,0,2019-05-31
2019-06-03,2019,6,3,Mon,1,0,2019-05-31
2019-06-04,2019,6,4,Tue,1,0,2019-06-03
2019-06-05,2019,6,5,Wed,1,0,2019-06-04
2019-06-06,2019,6,6,Thu,1,0,2019-06-05
2019-06-07,2019,6,7,Fri,1,0,2019-06-06
2019-06-08,2019,6,8,Sat,0,0,2019-06-07
2019-06-09,2019,6,9,Sun,0,0,2019-06-07
2019-06-10,2019,6,10,Mon,1,0,2019-06-07
2019-06-11,2019,6,11,Tue,1,0,2019-06-10
2019-06-12,2019,6,12,Wed,1,0,2019-06-11
2019-06-13,2019,6,13,Thu,1,0,2019-06-12
2019-06-14,2019,6,14,Fri,1,0,2019-06-13
2019-06-15,2019,6,15,Sat,0,0,2019-06-14
2019-06-16,2019,6,16,Sun,0,0,2019-06-14
2019-06-17,2019,6,17,Mon,1,0,2019-06-14
2019-06-18,2019,6,18,Tue,1,0,2019-06-17
2019-06-19,2019,6,19,Wed,1,0,2019-06-18
2019-06-20,2019,6,20,Thu,1,0,2019-06-19
2019-06-21,2019,6,21,Fri,1,0,2019-06-20
2019-06-22,2019,6,22,Sat,0,0,2019-06-21
2019-06-23,2019,6,23,Sun,0,0,2019-06-21
2019-06-24,2019,6,24,Mon,1,0,2019-06-21
2019-06-25,2019,6,25,Tue,1,0,2019-06-24
2019-06-26,2019,6,26,Wed,1,0,2019-06-25
2019-06-27,2019,6,27,Thu,1,0,2019-06-26
2019-06-28,2019,6,28,Fri,1,1,2019-06-27
2019-06-29,2019,6,29,Sat,0,0,2019-06-28
2019-06-30,2019,6,30,Sun,0,0,2019-06-28
2019-07-01,2019,7,1,Mon,1,0,2019-06-28
2019-07-02,2019,7,2,Tue,1,0,2019-07-01
2019-07-03,2019,7,3,Wed,1,0,2019-07-02
2019-07-04,2019,7,4,Thu,0,0,2019-07-03
2019-07-05,2019,7,5,Fri,1,0,2019-07-03
2019-07-06,2019,7,6,Sat,0,0,2019-07-05
2019-07-07,2019,7,7,Sun,0,0,2019-07-05
2019-07-08,2019,7,8,Mon,1,0,2019-07-05
2019-07-09,2019,7,9,Tue,1,0,2019-07-08
2019-07-10,2019,7,10,Wed,1,0,2019-07-09
2019-07-11,2019,7,11,Thu,1,0,2019-07-10
2019-07-12,2019,7,12,Fri,1,0,2019-07-11
2019-07-13,2019,7,13,Sat,0,0,2019-07-12
2019-07-14,2019,7,14,Sun,0,0,2019-07-12
2019-07-15,2019,7,15,Mon,1,0,2019-07-12
2019-07-16,2019,7,16,Tue,1,0,2019-07-15
2019-07-17,2019,7,17,Wed,1,0,2019-07-16
2019-07-18,2019,7,18,Thu,1,0,2019-07-17
2019-07-19,2019,7,19,Fri,1,0,2019-07-18
2019-07-20,2019,7,20,Sat,0,0,2019-07-19
2019-07-21,2019,7,21,Sun,0,0,2019-07-19
2019-07-22,2019,7,22,Mon,1,0,2019-07-19
2019-07-23,2019,7,23,Tue,1,0,2019-07-22
2019-07-24,2019,7,24,Wed,1,0,2019-07-23
2019-07-25,2019,7,25,Thu,1,0,2019-07-24
2019-07-26,2019,7,26,Fri,1,0,2019-07-25
2019-07-27,2019,7,27,Sat,0,0,2019-07-26
2019-07-28,2019,7,28,Sun,0,0,2019-07-26
2019-07-29,2019,7,29,Mon,1,0,2019-07-26
2019-07-30,2019,7,30,Tue,1,0,2019-07-29
2019-07-31,2019,7,31,Wed,1,1,2019-07-30
2019-08-01,2019,8,1,Thu,1,0,2019-07-31
2019-08-02,2019,8,2,Fri,1,0,2019-08-01
2019-08-03,2019,8,3,Sat,0,0,2019-08-02
2019-08-04,2019,8,4,Sun,0,0,2019-08-02
2019-08-05,2019,8,5,Mon,1,0,2019-08-02
2019-08-06,2019,8,6,Tue,1,0,2019-08-05
2019-08-07,2019,8,7,Wed,1,0,2019-08-06
2019-08-08,2019,8,8,Thu,1,0,2019-08-07
2019-08-09,2019,8,9,Fri,1,0,2019-08-08
2019-08-10,2019,8,10,Sat,0,0,2019-08-09
2019-08-11,2019,8,11,Sun,0,0,2019-08-09
2019-08-12,2019,8,12,Mon,1,0,2019-08-09
2019-08-13,2019,8,13,Tue,1,0,2019-08-12
2019-08-14,2019,8,14,Wed,1,0,2019-08-13
2019-08-15,2019,8,15,Thu,1,0,2019-08-14
2019-08-16,2019,8,16,Fri,1,0,2019-08-15
2019-08-17,2019,8,17,Sat,0,0,2019-08-16
2019-08-18,2019,8,18,Sun,0,0,2019-08-16
2019-08-19,2019,8,19,Mon,1,0,2019-08-16
2019-08-20,2019,8,20,Tue,1,0,2019-08-19
2019-08-21,2019,8,21,Wed,1,0,2019-08-20
2019-08-22,2019,8,22,Thu,1,0,2019-08-21
2019-08-23,2019,8,23,Fri,1,0,2019-08-22
2019-08-24,2019,8,24,Sat,0,0,2019-08-23
2019-08-25,2019,8,25,Sun,0,0,2019-08-23
2019-08-26,2019,8,26,Mon,1,0,2019-08-23
2019-08-27,2019,8,27,Tue,1,0,2019-08-26
2019-08-28,2019,8,28,Wed,1,0,2019-08-27
2019-08-29,2019,8,29,Thu,1,0,2019-08-28
2019-08-30,2019,8,30,Fri,1,1,2019-08-29
2019-08-31,2019,8,31,Sat,0,0,2019-08-30
2019-09-01,2019,9,1,Sun,0,0,2019-08-30
2019-09-02,2019,9,2,Mon,0,0,2019-08-30
2019-09-03,2019,9,3,Tue,1,0,2019-08-30
2019-09-04,2019,9,4,Wed,1,0,2019-09-03
2019-09-05,2019,9,5,Thu,1,0,2019-09-04
2019-09-06,2019,9,6,Fri,1,0,2019-09-05
2019-09-07,2019,9,7,Sat,0,0,2019-09-06
2019-09-08,2019,9,8,Sun,0,0,2019-09-06
2019-09-09,2019,9,9,Mon,1,0,2019-09-06
2019-09-10,2019,9,10,Tue,1,0,2019-09-09
2019-09-11,2019,9,11,Wed,1,0,2019-09-10
2019-09-12,2019,9,12,Thu,1,0,2019-09-11
2019-09-13,2019,9,13,Fri,1,0,2019-09-12
2019-09-14,2019,9,14,Sat,0,0,2019-09-13
2019-09-15,2019,9,15,Sun,0,0,2019-09-13
2019-09-16,2019,9,16,Mon,1,0,2019-09-13
2019-09-17,2019,9,17,Tue,1,0,2019-09-16
2019-09-18,2019,9,18,Wed,1,0,2019-09-17
2019-09-19,2019,9,19,Thu,1,0,2019-09-18
2019-09-20,2019,9,20,Fri,1,0,2019-09-19
2019-09-21,2019,9,21,Sat,0,0,2019-09-20
2019-09-22,2019,9,22,Sun,0,0,2019-09-20
2019-09-23,2019,9,23,Mon,1,0,2019-09-20
2019-09-24,2019,9,24,Tue,1,0,2019-09-23
2019-09-25,2019,9,25,Wed,1,0,2019-09-24
2019-09-26,2019,9,26,Thu,1,0,2019-09-25
2019-09-27,2019,9,27,Fri,1,0,2019-09-26
2019-09-28,2019,9,28,Sat,0,0,2019-09-27
2019-09-29,2019,9,29,Sun,0,0,2019-09-27
2019-09-30,2019,9,30,Mon,1,1,2019-09-27
2019-10-01,2019,10,1,Tue,1,0,2019-09-30
2019-10-02,2019,10,2,Wed,1,0,2019-10-01
2019-10-03,2019,10,3,Thu,1,0,2019-10-02
2019-10-04,2019,10,4,Fri,1,0,2019-10-03
2019-10-05,2019,10,5,Sat,0,0,2019-10-04
2019-10-06,2019,10,6,Sun,0,0,2019-10-04
2019-10-07,2019,10,7,Mon,1,0,2019-10-04
2019-10-08,2019,10,8,Tue,1,0,2019-10-07
2019-10-09,2019,10,9,Wed,1,0,2019-10-08
2019-10-10,2019,10,10,Thu,1,0,2019-10-09
2019-10-11,2019,10,11,Fri,1,0,2019-10-10
2019-10-12,2019,10,12,Sat,0,0,2019-10-11
2019-10-13,2019,10,13,Sun,0,0,2019-10-11
2019-10-14,2019,10,14,Mon,1,0,2019-10-11
2019-10-15,2019,10,15,Tue,1,0,2019-10-14
2019-10-16,2019,10,16,Wed,1,0,2019-10-15
2019-10-17,2019,10,17,Thu,1,0,2019-10-16
2019-10-18,2019,10,18,Fri,1,0,2019-10-17
2019-10-19,2019,10,19,Sat,0,0,2019-10-18
2019-10-20,2019,10,20,Sun,0,0,2019-10-18
2019-10-21,2019,10,21,Mon,1,0,2019-10-18
2019-10-22,2019,10,22,Tue,1,0,2019-10-21
2019-10-23,2019,10,23,Wed,1,0,2019-10-22
2019-10-24,2019,10,24,Thu,1,0,2019-10-23
2019-10-25,2019,10,25,Fri,1,0,2019-10-24
2019-10-26,2019,10,26,Sat,0,0,2019-10-25
2019-10-27,2019,10,27,Sun,0,0,2019-10-25
2019-10-28,2019,10,28,Mon,1,0,2019-10-25
2019-10-29,2019,10,29,Tue,1,0,2019-10-28
2019-10-30,2019,10,30,Wed,1,0,2019-10-29
2019-10-31,2019,10,31,Thu,1,1,2019-10-30
2019-11-01,2019,11,1,Fri,1,0,2019-10-31
2019-11-02,2019,11,2,Sat,0,0,2019-11-01
2019-11-03,2019,11,3,Sun,0,0,2019-11-01
2019-11-04,2019,11,4,Mon,1,0,2019-11-01
2019-11-05,2019,11,5,Tue,1,0,2019-11-04
2019-11-06,2019,11,6,Wed,1,0,2019-11-05
2019-11-07,2019,11,7,Thu,1,0,2019-11-06
2019-11-08,2019,11,8,Fri,1,0,2019-11-07
2019-11-09,2019,11,9,Sat,0,0,2019-11-08
2019-11-10,2019,11,10,Sun,0,0,2019-11-08
2019-11-11,2019,11,11,Mon,1,0,2019-11-08
2019-11-12,2019,11,12,Tue,1,0,2019-11-11
2019-11-13,2019,11,13,Wed,1,0,2019-11-12
2019-11-14,2019,11,14,Thu,1,0,2019-11-13
2019-11-15,2019,11,15,Fri,1,0,2019-11-14
2019-11-16,2019,11,16,Sat,0,0,2019-11-15
2019-11-17,2019,11,17,Sun,0,0,2019-11-15
2019-11-18,2019,11,18,Mon,1,0,2019-11-15
2019-11-19,2019,11,19,Tue,1,0,2019-11-18
2019-11-20,2019,11,20,Wed,1,0,2019-11-19
2019-11-21,2019,11,21,Thu,1,0,2019-11-20
2019-11-22,2019,11,22,Fri,1,0,2019-11-21
2019-11-23,2019,11,23,Sat,0,0,2019-11-22
2019-11-24,2019,11,24,Sun,0,0,2019-11-22
2019-11-25,2019,11,25,Mon,1,0,2019-11-22
2019-11-26,2019,11,26,Tue,1,0,2019-11-25
2019-11-27,2019,11,27,Wed,1,0,2019-11-26
2019-11-28,2019,11,28,Thu,0,0,2019-11-27
2019-11-29,2019,11,29,Fri,1,1,2019-11-27
2019-11-30,2019,11,30,Sat,0,0,2019-11-29
2019-12-01,2019,12,1,Sun,0,0,2019-11-29
2019-12-02,2019,12,2,Mon,1,0,2019-11-29
2019-12-03,2019,12,3,Tue,1,0,2019-12-02
2019-12-04,2019,12,4,Wed,1,0,2019-12-03
2019-12-05,2019,12,5,Thu,1,0,2019-12-04
2019-12-06,2019,12,6,Fri,1,0,2019-12-05
2019-12-07,2019,12,7,Sat,0,0,2019-12-06
2019-12-08,2019,12,8,Sun,0,0,2019-12-06
2019-12-09,2019,12,9,Mon,1,0,2019-12-06
2019-12-10,2019,12,10,Tue,1,0,2019-12-09
2019-12-11,2019,12,11,Wed,1,0,2019-12-10
2019-12-12,2019,12,12,Thu,1,0,2019-12-11
2019-12-13,2019,12,13,Fri,1,0,2019-12-12
2019-12-14,2019,12,14,Sat,0,0,2019-12-13
2019-12-15,2019,12,15,Sun,0,0,2019-12-13
2019-12-16,2019,12,16,Mon,1,0,2019-12-13
2019-12-17,2019,12,17,Tue,1,0,2019-12-16
2019-12-18,2019,12,18,Wed,1,0,2019-12-17
2019-12-19,2019,12,19,Thu,1,0,2019-12-18
2019-12-20,2019,12,20,Fri,1,0,2019-12-19
2019-12-21,2019,12,21,Sat,0,0,2019-12-20
2019-12-22,2019,12,22,Sun,0,0,2019-12-20
2019-12-23,2019,12,23,Mon,1,0,2019-12-20
2019-12-24,2019,12,24,Tue,1,0,2019-12-23
2019-12-25,2019,12,25,Wed,0,0,2019-12-24
2019-12-26,2019,12,26,Thu,1,0,2019-12-24
2019-12-27,2019,12,27,Fri,1,0,2019-12-26
2019-12-28,2019,12,28,Sat,0,0,2019-12-27
2019-12-29,2019,12,29,Sun,0,0,2019-12-27
2019-12-30,2019,12,30,Mon,1,0,2019-12-27
2019-12-31,2019,12,31,Tue,1,1,2019-12-30
2020-01-01,2020,1,1,Wed,0,0,2019-12-31
2020-01-02,2020,1,2,Thu,1,0,2019-12-31
2020-01-03,2020,1,3,Fri,1,0,2020-01-02
2020-01-04,2020,1,4,Sat,0,0,2020-01-03
2020-01-05,2020,1,5,Sun,0,0,2020-01-03
2020-01-06,2020,1,6,Mon,1,0,2020-01-03
2020-01-07,2020,1,7,Tue,1,0,2020-01-06
2020-01-08,2020,1,8,Wed,1,0,2020-01-07
2020-01-09,2020,1,9,Thu,1,0,2020-01-08
2020-01-10,2020,1,10,Fri,1,0,2020-01-09
2020-01-11,2020,1,11,Sat,0,0,2020-01-10
2020-01-12,2020,1,12,Sun,0,0,2020-01-10
2020-01-13,2020,1,13,Mon,1,0,2020-01-10
2020-01-14,2020,1,14,Tue,1,0,2020-01-13
2020-01-15,2020,1,15,Wed,1,0,2020-01-14
2020-01-16,2020,1,16,Thu,1,0,2020-01-15
2020-01-17,2020,1,17,Fri,1,0,2020-01-16
2020-01-18,2020,1,18,Sat,0,0,2020-01-17
2020-01-19,2020,1,19,Sun,0,0,2020-01-17
2020-01-20,2020,1,20,Mon,0,0,2020-01-17
2020-01-21,2020,1,21,Tue,1,0,2020-01-17
2020-01-22,2020,1,22,Wed,1,0,2020-01-21
2020-01-23,2020,1,23,Thu,1,0,2020-01-22
2020-01-24,2020,1,24,Fri,1,0,2020-01-23
2020-01-25,2020,1,25,Sat,0,0,2020-01-24
2020-01-26,2020,1,26,Sun,0,0,2020-01-24
2020-01-27,2020,1,27,Mon,1,0,2020-01-24
2020-01-28,2020,1,28,Tue,1,0,2020-01-27
2020-01-29,2020,1,29,Wed,1,0,2020-01-28
2020-01-30,2020,1,30,Thu,1,0,2020-01-29
2020-01-31,2020,1,31,Fri,1,1,2020-01-30
2020-02-01,2020,2,1,Sat,0,0,2020-01-31
2020-02-02,2020,2,2,Sun,0,0,2020-01-31
2020-02-03,2020,2,3,Mon,1,0,2020-01-31
2020-02-04,2020,2,4,Tue,1,0,2020-02-03
2020-02-05,2020,2,5,Wed,1,0,2020-02-04
2020-02-06,2020,2,6,Thu,1,0,2020-02-05
2020-02-07,2020,2,7,Fri,1,0,2020-02-06
2020-02-08,2020,2,8,Sat,0,0,2020-02-07
2020-02-09,2020,2,9,Sun,0,0,2020-02-07
2020-02-10,2020,2,10,Mon,1,0,2020-02-07
2020-02-11,2020,2,11,Tue,1,0,2020-02-10
2020-02-12,2020,2,12,Wed,1,0,2020-02-11
2020-02-13,2020,2,13,Thu,1,0,2020-02-12
2020-02-14,2020,2,14,Fri,1,0,2020-02-13
2020-02-15,2020,2,15,Sat,0,0,2020-02-14
2020-02-16,2020,2,16,Sun,0,0,2020-02-14
2020-02-17,2020,2,17,Mon,0,0,2020-02-14
2020-02-18,2020,2,18,Tue,1,0,2020-02-14
2020-02-19,2020,2,19,Wed,1,0,2020-02-18
2020-02-20,2020,2,20,Thu,1,0,2020-02-19
2020-02-21,2020,2,21,Fri,1,0,2020-02-20
2020-02-22,2020,2,22,Sat,0,0,2020-02-21
2020-02-23,2020,2,23,Sun,0,0,2020-02-21
2020-02-24,2020,2,24,Mon,1,0,2020-02-21
2020-02-25,2020,2,25,Tue,1,0,2020-02-24
2020-02-26,2020,2,26,Wed,1,0,2020-02-25
2020-02-27,2020,2,27,Thu,1,0,2020-02-26
2020-02-28,2020,2,28,Fri,1,1,2020-02-27
2020-02-29,2020,2,29,Sat,0,0,2020-02-28
2020-03-01,2020,3,1,Sun,0,0,2020-02-28
2020-03-02,2020,3,2,Mon,1,0,2020-02-28
2020-03-03,2020,3,3,Tue,1,0,2020-03-02
2020-03-04,2020,3,4,Wed,1,0,2020-03-03
2020-03-05,2020,3,5,Thu,1,0,2020-03-04
2020-03-06,2020,3,6,Fri,1,0,2020-03-05
2020-03-07,2020,3,7,Sat,0,0,2020-03-06
2020-03-08,2020,3,8,Sun,0,0,2020-03-06
2020-03-09,2020,3,9,Mon,1,0,2020-03-06
2020-03-10,2020,3,10,Tue,1,0,2020-03-09
2020-03-11,2020,3,11,Wed,1,0,2020-03-10
2020-03-12,2020,3,12,Thu,1,0,2020-03-11
2020-03-13,2020,3,13,Fri,1,0,2020-03-12
2020-03-14,2020,3,14,Sat,0,0,2020-03-13
2020-03-15,2020,3,15,Sun,0,0,2020-03-13
2020-03-16,2020,3,16,Mon,1,0,2020-03-13
2020-03-17,2020,3,17,Tue,1,0,2020-03-16
2020-03-18,2020,3,18,Wed,1,0,2020-03-17
2020-03-19,2020,3,19,Thu,1,0,2020-03-18
2020-03-20,2020,3,20,Fri,1,0,2020-03-19
2020-03-21,2020,3,21,Sat,0,0,2020-03-20
2020-03-22,2020,3,22,Sun,0,0,2020-03-20
2020-03-23,2020,3,23,Mon,1,0,2020-03-20
2020-03-24,2020,3,24,Tue,1,0,2020-03-23
2020-03-25,2020,3,25,Wed,1,0,2020-03-24
2020-03-26,2020,3,26,Thu,1,0,2020-03-25
2020-03-27,2020,3,27,Fri,1,0,2020-03-26
2020-03-28,2020,3,28,Sat,0,0,2020-03-27
2020-03-29,2020,3,29,Sun,0,0,2020-03-27
2020-03-30,2020,3,30,Mon,1,0,2020-03-27
2020-03-31,2020,3,31,Tue,1,1,2020-03-30
2020-04-01,2020,4,1,Wed,1,0,2020-03-31
2020-04-02,2020,4,2,Thu,1,0,2020-04-01
2020-04-03,2020,4,3,Fri,1,0,2020-04-02
2020-04-04,2020,4,4,Sat,0,0,2020-04-03
2020-04-05,2020,4,5,Sun,0,0,2020-04-03
2020-04-06,2020,4,6,Mon,1,0,2020-04-03
2020-04-07,2020,4,7,Tue,1,0,2020-04-06
2020-04-08,2020,4,8,Wed,1,0,2020-04-07
2020-04-09,2020,4,9,Thu,1,0,2020-04-08
2020-04-10,2020,4,10,Fri,0,0,2020-04-09
2020-04-11,2020,4,11,Sat,0,0,2020-04-09
2020-04-12,2020,4,12,Sun,0,0,2020-04-09
2020-04-13,2020,4,13,Mon,1,0,2020-04-09
2020-04-14,2020,4,14,Tue,1,0,2020-04-13
2020-04-15,2020,4,15,Wed,1,0,2020-04-14
2020-04-16,2020,4,16,Thu,1,0,2020-04-15
2020-04-17,2020,4,17,Fri,1,0,2020-04-16
2020-04-18,2020,4,18,Sat,0,0,2020-04-17
2020-04-19,2020,4,19,Sun,0,0,2020-04-17
2020-04-20,2020,4,20,Mon,1,0,2020-04-17
2020-04-21,2020,4,21,Tue,1,0,2020-04-20
2020-04-22,2020,4,22,Wed,1,0,2020-04-21
2020-04-23,2020,4,23,Thu,1,0,2020-04-22
2020-04-24,2020,4,24,Fri,1,0,2020-04-23
2020-04-25,2020,4,25,Sat,0,0,2020-04-24
2020-04-26,2020,4,26,Sun,0,0,2020-04-24
2020-04-27,2020,4,27,Mon,1,0,2020-04-24
2020-04-28,2020,4,28,Tue,1,0,2020-04-27
2020-04-29,2020,4,29,Wed,1,0,2020-04-28
2020-04-30,2020,4,30,Thu,1,1,2020-04-29
2020-05-01,2020,5,1,Fri,1,0,2020-04-30
2020-05-02,2020,5,2,Sat,0,0,2020-05-01
2020-05-03,2020,5,3,Sun,0,0,2020-05-01
2020-05-04,2020,5,4,Mon,1,0,2020-05-01
2020-05-05,2020,5,5,Tue,1,0,2020-05-04
2020-05-06,2020,5,6,Wed,1,0,2020-05-05
2020-05-07,2020,5,7,Thu,1,0,2020-05-06
2020-05-08,2020,5,8,Fri,1,0,2020-05-07
2020-05-09,2020,5,9,Sat,0,0,2020-05-08
2020-05-10,2020,5,10,Sun,0,0,2020-05-08
2020-05-11,2020,5,11,Mon,1,0,2020-05-08
2020-05-12,2020,5,12,Tue,1,0,2020-05-11
2020-05-13,2020,5,13,Wed,1,0,2020-05-12
2020-05-14,2020,5,14,Thu,1,0,2020-05-13
2020-05-15,2020,5,15,Fri,1,0,2020-05-14
2020-05-16,2020,5,16,Sat,0,0,2020-05-15
2020-05-17,2020,5,17,Sun,0,0,2020-05-15
2020-05-18,2020,5,18,Mon,1,0,2020-05-15
2020-05-19,2020,5,19,Tue,1,0,2020-05-18
2020-05-20,2020,5,20,Wed,1,0,2020-05-19
2020-05-21,2020,5,21,Thu,1,0,2020-05-20
2020-05-22,2020,5,22,Fri,1,0,2020-05-21
2015-01-01,2015,1,1,Thu,0,0,2014-12-31
2015-01-02,2015,1,2,Fri,1,0,2014-12-31
2015-01-03,2015,1,3,Sat,0,0,2015-01-02
2015-01-04,2015,1,4,Sun,0,0,2015-01-02
2015-01-05,2015,1,5,Mon,1,0,2015-01-02
2015-01-06,2015,1,6,Tue,1,0,2015-01-05
2015-01-07,2015,1,7,Wed,1,0,2015-01-06
2015-01-08,2015,1,8,Thu,1,0,2015-01-07
2015-01-09,2015,1,9,Fri,1,0,2015-01-08
2015-01-10,2015,1,10,Sat,0,0,2015-01-09
2015-01-11,2015,1,11,Sun,0,0,2015-01-09
2015-01-12,2015,1,12,Mon,1,0,2015-01-09
2015-01-13,2015,1,13,Tue,1,0,2015-01-12
2015-01-14,2015,1,14,Wed,1,0,2015-01-13
2015-01-15,2015,1,15,Thu,1,0,2015-01-14
2015-01-16,2015,1,16,Fri,1,0,2015-01-15
2015-01-17,2015,1,17,Sat,0,0,2015-01-16
2015-01-18,2015,1,18,Sun,0,0,2015-01-16
2015-01-19,2015,1,19,Mon,0,0,2015-01-16
2015-01-20,2015,1,20,Tue,1,0,2015-01-16
2015-01-21,2015,1,21,Wed,1,0,2015-01-20
2015-01-22,2015,1,22,Thu,1,0,2015-01-21
2015-01-23,2015,1,23,Fri,1,0,2015-01-22
2015-01-24,2015,1,24,Sat,0,0,2015-01-23
2015-01-25,2015,1,25,Sun,0,0,2015-01-23
2015-01-26,2015,1,26,Mon,1,0,2015-01-23
2015-01-27,2015,1,27,Tue,1,0,2015-01-26
2015-01-28,2015,1,28,Wed,1,0,2015-01-27
2015-01-29,2015,1,29,Thu,1,0,2015-01-28
2015-01-30,2015,1,30,Fri,1,1,2015-01-29
2015-01-31,2015,1,31,Sat,0,0,2015-01-30
2015-02-01,2015,2,1,Sun,0,0,2015-01-30
2015-02-02,2015,2,2,Mon,1,0,2015-01-30
2015-02-03,2015,2,3,Tue,1,0,2015-02-02
2015-02-04,2015,2,4,Wed,1,0,2015-02-03
2015-02-05,2015,2,5,Thu,1,0,2015-02-04
2015-02-06,2015,2,6,Fri,1,0,2015-02-05
2015-02-07,2015,2,7,Sat,0,0,2015-02-06
2015-02-08,2015,2,8,Sun,0,0,2015-02-06
2015-02-09,2015,2,9,Mon,1,0,2015-02-06
2015-02-10,2015,2,10,Tue,1,0,2015-02-09
2015-02-11,2015,2,11,Wed,1,0,2015-02-10
2015-02-12,2015,2,12,Thu,1,0,2015-02-11
2015-02-13,2015,2,13,Fri,1,0,2015-02-12
2015-02-14,2015,2,14,Sat,0,0,2015-02-13
2015-02-15,2015,2,15,Sun,0,0,2015-02-13
2015-02-16,2015,2,16,Mon,0,0,2015-02-13
2015-02-17,2015,2,17,Tue,1,0,2015-02-13
2015-02-18,2015,2,18,Wed,1,0,2015-02-17
2015-02-19,2015,2,19,Thu,1,0,2015-02-18
2015-02-20,2015,2,20,Fri,1,0,2015-02-19
2015-02-21,2015,2,21,Sat,0,0,2015-02-20
2015-02-22,2015,2,22,Sun,0,0,2015-02-20
2015-02-23,2015,2,23,Mon,1,0,2015-02-20
2015-02-24,2015,2,24,Tue,1,0,2015-02-23
2015-02-25,2015,2,25,Wed,1,0,2015-02-24
2015-02-26,2015,2,26,Thu,1,0,2015-02-25
2015-02-27,2015,2,27,Fri,1,1,2015-02-26
2015-02-28,2015,2,28,Sat,0,0,2015-02-27
2015-03-01,2015,3,1,Sun,0,0,2015-02-27
2015-03-02,2015,3,2,Mon,1,0,2015-02-27
2015-03-03,2015,3,3,Tue,1,0,2015-03-02
2015-03-04,2015,3,4,Wed,1,0,2015-03-03
2015-03-05,2015,3,5,Thu,1,0,2015-03-04
2015-03-06,2015,3,6,Fri,1,0,2015-03-05
2015-03-07,2015,3,7,Sat,0,0,2015-03-06
2015-03-08,2015,3,8,Sun,0,0,2015-03-06
2020-05-23,2020,5,23,Sat,0,0,2020-05-22
2020-05-24,2020,5,24,Sun,0,0,2020-05-22
2020-05-25,2020,5,25,Mon,0,0,2020-05-22
2020-05-26,2020,5,26,Tue,1,0,2020-05-22
2020-05-27,2020,5,27,Wed,1,0,2020-05-26
2020-05-28,2020,5,28,Thu,1,0,2020-05-27
2020-05-29,2020,5,29,Fri,1,1,2020-05-28
2020-05-30,2020,5,30,Sat,0,0,2020-05-29
2020-05-31,2020,5,31,Sun,0,0,2020-05-29
2020-06-01,2020,6,1,Mon,1,0,2020-05-29
2020-06-02,2020,6,2,Tue,1,0,2020-06-01
2020-06-03,2020,6,3,Wed,1,0,2020-06-02
2020-06-04,2020,6,4,Thu,1,0,2020-06-03
2020-06-05,2020,6,5,Fri,1,0,2020-06-04
2020-06-06,2020,6,6,Sat,0,0,2020-06-05
2020-06-07,2020,6,7,Sun,0,0,2020-06-05
2020-06-08,2020,6,8,Mon,1,0,2020-06-05
2020-06-09,2020,6,9,Tue,1,0,2020-06-08
2020-06-10,2020,6,10,Wed,1,0,2020-06-09
2020-06-11,2020,6,11,Thu,1,0,2020-06-10
2020-06-12,2020,6,12,Fri,1,0,2020-06-11
2020-06-13,2020,6,13,Sat,0,0,2020-06-12
2020-06-14,2020,6,14,Sun,0,0,2020-06-12
2020-06-15,2020,6,15,Mon,1,0,2020-06-12
2020-06-16,2020,6,16,Tue,1,0,2020-06-15
2020-06-17,2020,6,17,Wed,1,0,2020-06-16
2020-06-18,2020,6,18,Thu,1,0,2020-06-17
2020-06-19,2020,6,19,Fri,1,0,2020-06-18
2020-06-20,2020,6,20,Sat,0,0,2020-06-19
2020-06-21,2020,6,21,Sun,0,0,2020-06-19
2020-06-22,2020,6,22,Mon,1,0,2020-06-19
2020-06-23,2020,6,23,Tue,1,0,2020-06-22
2020-06-24,2020,6,24,Wed,1,0,2020-06-23
2020-06-25,2020,6,25,Thu,1,0,2020-06-24
2020-06-26,2020,6,26,Fri,1,0,2020-06-25
2020-06-27,2020,6,27,Sat,0,0,2020-06-26
2020-06-28,2020,6,28,Sun,0,0,2020-06-26
2020-06-29,2020,6,29,Mon,1,0,2020-06-26
2020-06-30,2020,6,30,Tue,1,1,2020-06-29
2020-07-01,2020,7,1,Wed,1,0,2020-06-30
2020-07-02,2020,7,2,Thu,1,0,2020-07-01
2020-07-03,2020,7,3,Fri,0,0,2020-07-02
2020-07-04,2020,7,4,Sat,0,0,2020-07-02
2020-07-05,2020,7,5,Sun,0,0,2020-07-02
2020-07-06,2020,7,6,Mon,1,0,2020-07-02
2020-07-07,2020,7,7,Tue,1,0,2020-07-06
2020-07-08,2020,7,8,Wed,1,0,2020-07-07
2020-07-09,2020,7,9,Thu,1,0,2020-07-08
2020-07-10,2020,7,10,Fri,1,0,2020-07-09
2020-07-11,2020,7,11,Sat,0,0,2020-07-10
2020-07-12,2020,7,12,Sun,0,0,2020-07-10
2020-07-13,2020,7,13,Mon,1,0,2020-07-10
2020-07-14,2020,7,14,Tue,1,0,2020-07-13
2020-07-15,2020,7,15,Wed,1,0,2020-07-14
2020-07-16,2020,7,16,Thu,1,0,2020-07-15
2020-07-17,2020,7,17,Fri,1,0,2020-07-16
2020-07-18,2020,7,18,Sat,0,0,2020-07-17
2020-07-19,2020,7,19,Sun,0,0,2020-07-17
2020-07-20,2020,7,20,Mon,1,0,2020-07-17
2020-07-21,2020,7,21,Tue,1,0,2020-07-20
2020-07-22,2020,7,22,Wed,1,0,2020-07-21
2020-07-23,2020,7,23,Thu,1,0,2020-07-22
2020-07-24,2020,7,24,Fri,1,0,2020-07-23
2020-07-25,2020,7,25,Sat,0,0,2020-07-24
2020-07-26,2020,7,26,Sun,0,0,2020-07-24
2020-07-27,2020,7,27,Mon,1,0,2020-07-24
2020-07-28,2020,7,28,Tue,1,0,2020-07-27
2020-07-29,2020,7,29,Wed,1,0,2020-07-28
2020-07-30,2020,7,30,Thu,1,0,2020-07-29
2020-07-31,2020,7,31,Fri,1,1,2020-07-30
2020-08-01,2020,8,1,Sat,0,0,2020-07-31
2020-08-02,2020,8,2,Sun,0,0,2020-07-31
2020-08-03,2020,8,3,Mon,1,0,2020-07-31
2020-08-04,2020,8,4,Tue,1,0,2020-08-03
2020-08-05,2020,8,5,Wed,1,0,2020-08-04
2020-08-06,2020,8,6,Thu,1,0,2020-08-05
2020-08-07,2020,8,7,Fri,1,0,2020-08-06
2020-08-08,2020,8,8,Sat,0,0,2020-08-07
2020-08-09,2020,8,9,Sun,0,0,2020-08-07
2020-08-10,2020,8,10,Mon,1,0,2020-08-07
2020-08-11,2020,8,11,Tue,1,0,2020-08-10
2020-08-12,2020,8,12,Wed,1,0,2020-08-11
2020-08-13,2020,8,13,Thu,1,0,2020-08-12
2020-08-14,2020,8,14,Fri,1,0,2020-08-13
2020-08-15,2020,8,15,Sat,0,0,2020-08-14
2020-08-16,2020,8,16,Sun,0,0,2020-08-14
2020-08-17,2020,8,17,Mon,1,0,2020-08-14
2020-08-18,2020,8,18,Tue,1,0,2020-08-17
2020-08-19,2020,8,19,Wed,1,0,2020-08-18
2020-08-20,2020,8,20,Thu,1,0,2020-08-19
2020-08-21,2020,8,21,Fri,1,0,2020-08-20
2020-08-22,2020,8,22,Sat,0,0,2020-08-21
2020-08-23,2020,8,23,Sun,0,0,2020-08-21
2020-08-24,2020,8,24,Mon,1,0,2020-08-21
2020-08-25,2020,8,25,Tue,1,0,2020-08-24
2020-08-26,2020,8,26,Wed,1,0,2020-08-25
2020-08-27,2020,8,27,Thu,1,0,2020-08-26
2020-08-28,2020,8,28,Fri,1,0,2020-08-27
2020-08-29,2020,8,29,Sat,0,0,2020-08-28
2020-08-30,2020,8,30,Sun,0,0,2020-08-28
2020-08-31,2020,8,31,Mon,1,1,2020-08-28
2020-09-01,2020,9,1,Tue,1,0,2020-08-31
2020-09-02,2020,9,2,Wed,1,0,2020-09-01
2020-09-03,2020,9,3,Thu,1,0,2020-09-02
2020-09-04,2020,9,4,Fri,1,0,2020-09-03
2020-09-05,2020,9,5,Sat,0,0,2020-09-04
2020-09-06,2020,9,6,Sun,0,0,2020-09-04
2020-09-07,2020,9,7,Mon,0,0,2020-09-04
2020-09-08,2020,9,8,Tue,1,0,2020-09-04
2020-09-09,2020,9,9,Wed,1,0,2020-09-08
2020-09-10,2020,9,10,Thu,1,0,2020-09-09
2020-09-11,2020,9,11,Fri,1,0,2020-09-10
2020-09-12,2020,9,12,Sat,0,0,2020-09-11
2020-09-13,2020,9,13,Sun,0,0,2020-09-11
2020-09-14,2020,9,14,Mon,1,0,2020-09-11
2020-09-15,2020,9,15,Tue,1,0,2020-09-14
2020-09-16,2020,9,16,Wed,1,0,2020-09-15
2020-09-17,2020,9,17,Thu,1,0,2020-09-16
2020-09-18,2020,9,18,Fri,1,0,2020-09-17
2020-09-19,2020,9,19,Sat,0,0,2020-09-18
2020-09-20,2020,9,20,Sun,0,0,2020-09-18
2020-09-21,2020,9,21,Mon,1,0,2020-09-18
2020-09-22,2020,9,22,Tue,1,0,2020-09-21
2020-09-23,2020,9,23,Wed,1,0,2020-09-22
2020-09-24,2020,9,24,Thu,1,0,2020-09-23
2020-09-25,2020,9,25,Fri,1,0,2020-09-24
2020-09-26,2020,9,26,Sat,0,0,2020-09-25
2020-09-27,2020,9,27,Sun,0,0,2020-09-25
2020-09-28,2020,9,28,Mon,1,0,2020-09-25
2020-09-29,2020,9,29,Tue,1,0,2020-09-28
2020-09-30,2020,9,30,Wed,1,1,2020-09-29
2020-10-01,2020,10,1,Thu,1,0,2020-09-30
2020-10-02,2020,10,2,Fri,1,0,2020-10-01
2020-10-03,2020,10,3,Sat,0,0,2020-10-02
2020-10-04,2020,10,4,Sun,0,0,2020-10-02
2020-10-05,2020,10,5,Mon,1,0,2020-10-02
2020-10-06,2020,10,6,Tue,1,0,2020-10-05
2020-10-07,2020,10,7,Wed,1,0,2020-10-06
2020-10-08,2020,10,8,Thu,1,0,2020-10-07
2020-10-09,2020,10,9,Fri,1,0,2020-10-08
2020-10-10,2020,10,10,Sat,0,0,2020-10-09
2020-10-11,2020,10,11,Sun,0,0,2020-10-09
2020-10-12,2020,10,12,Mon,1,0,2020-10-09
2020-10-13,2020,10,13,Tue,1,0,2020-10-12
2020-10-14,2020,10,14,Wed,1,0,2020-10-13
2020-10-15,2020,10,15,Thu,1,0,2020-10-14
2020-10-16,2020,10,16,Fri,1,0,2020-10-15
2020-10-17,2020,10,17,Sat,0,0,2020-10-16
2020-10-18,2020,10,18,Sun,0,0,2020-10-16
2020-10-19,2020,10,19,Mon,1,0,2020-10-16
2020-10-20,2020,10,20,Tue,1,0,2020-10-19
2020-10-21,2020,10,21,Wed,1,0,2020-10-20
2020-10-22,2020,10,22,Thu,1,0,2020-10-21
2020-10-23,2020,10,23,Fri,1,0,2020-10-22
2020-10-24,2020,10,24,Sat,0,0,2020-10-23
2020-10-25,2020,10,25,Sun,0,0,2020-10-23
2020-10-26,2020,10,26,Mon,1,0,2020-10-23
2020-10-27,2020,10,27,Tue,1,0,2020-10-26
2020-10-28,2020,10,28,Wed,1,0,2020-10-27
2020-10-29,2020,10,29,Thu,1,0,2020-10-28
2020-10-30,2020,10,30,Fri,1,1,2020-10-29
2020-10-31,2020,10,31,Sat,0,0,2020-10-30
2020-11-01,2020,11,1,Sun,0,0,2020-10-30
2020-11-02,2020,11,2,Mon,1,0,2020-10-30
2020-11-03,2020,11,3,Tue,1,0,2020-11-02
2020-11-04,2020,11,4,Wed,1,0,2020-11-03
2020-11-05,2020,11,5,Thu,1,0,2020-11-04
2020-11-06,2020,11,6,Fri,1,0,2020-11-05
2020-11-07,2020,11,7,Sat,0,0,2020-11-06
2020-11-08,2020,11,8,Sun,0,0,2020-11-06
2020-11-09,2020,11,9,Mon,1,0,2020-11-06
2020-11-10,2020,11,10,Tue,1,0,2020-11-09
2020-11-11,2020,11,11,Wed,1,0,2020-11-10
2020-11-12,2020,11,12,Thu,1,0,2020-11-11
2020-11-13,2020,11,13,Fri,1,0,2020-11-12
2020-11-14,2020,11,14,Sat,0,0,2020-11-13
2020-11-15,2020,11,15,Sun,0,0,2020-11-13
2020-11-16,2020,11,16,Mon,1,0,2020-11-13
2020-11-17,2020,11,17,Tue,1,0,2020-11-16
2020-11-18,2020,11,18,Wed,1,0,2020-11-17
2020-11-19,2020,11,19,Thu,1,0,2020-11-18
2020-11-20,2020,11,20,Fri,1,0,2020-11-19
2020-11-21,2020,11,21,Sat,0,0,2020-11-20
2020-11-22,2020,11,22,Sun,0,0,2020-11-20
2020-11-23,2020,11,23,Mon,1,0,2020-11-20
2020-11-24,2020,11,24,Tue,1,0,2020-11-23
2020-11-25,2020,11,25,Wed,1,0,2020-11-24
2020-11-26,2020,11,26,Thu,0,0,2020-11-25
2020-11-27,2020,11,27,Fri,1,0,2020-11-25
2020-11-28,2020,11,28,Sat,0,0,2020-11-27
2020-11-29,2020,11,29,Sun,0,0,2020-11-27
2020-11-30,2020,11,30,Mon,1,1,2020-11-27
2020-12-01,2020,12,1,Tue,1,0,2020-11-30
2020-12-02,2020,12,2,Wed,1,0,2020-12-01
2020-12-03,2020,12,3,Thu,1,0,2020-12-02
2020-12-04,2020,12,4,Fri,1,0,2020-12-03
2020-12-05,2020,12,5,Sat,0,0,2020-12-04
2020-12-06,2020,12,6,Sun,0,0,2020-12-04
2020-12-07,2020,12,7,Mon,1,0,2020-12-04
2020-12-08,2020,12,8,Tue,1,0,2020-12-07
2020-12-09,2020,12,9,Wed,1,0,2020-12-08
2020-12-10,2020,12,10,Thu,1,0,2020-12-09
2020-12-11,2020,12,11,Fri,1,0,2020-12-10
2020-12-12,2020,12,12,Sat,0,0,2020-12-11
2020-12-13,2020,12,13,Sun,0,0,2020-12-11
2020-12-14,2020,12,14,Mon,1,0,2020-12-11
2020-12-15,2020,12,15,Tue,1,0,2020-12-14
2020-12-16,2020,12,16,Wed,1,0,2020-12-15
2020-12-17,2020,12,17,Thu,1,0,2020-12-16
2020-12-18,2020,12,18,Fri,1,0,2020-12-17
2020-12-19,2020,12,19,Sat,0,0,2020-12-18
2020-12-20,2020,12,20,Sun,0,0,2020-12-18
2020-12-21,2020,12,21,Mon,1,0,2020-12-18
2020-12-22,2020,12,22,Tue,1,0,2020-12-21
2020-12-23,2020,12,23,Wed,1,0,2020-12-22
2020-12-24,2020,12,24,Thu,1,0,2020-12-23
2020-12-25,2020,12,25,Fri,0,0,2020-12-24
2020-12-26,2020,12,26,Sat,0,0,2020-12-24
2020-12-27,2020,12,27,Sun,0,0,2020-12-24
2020-12-28,2020,12,28,Mon,1,0,2020-12-24
2020-12-29,2020,12,29,Tue,1,0,2020-12-28
2020-12-30,2020,12,30,Wed,1,0,2020-12-29
2020-12-31,2020,12,31,Thu,1,1,2020-12-30
2021-01-01,2021,1,1,Fri,0,0,2020-12-31
2021-01-02,2021,1,2,Sat,0,0,2020-12-31
2021-01-03,2021,1,3,Sun,0,0,2020-12-31
2021-01-04,2021,1,4,Mon,1,0,2020-12-31
2021-01-05,2021,1,5,Tue,1,0,2021-01-04
2021-01-06,2021,1,6,Wed,1,0,2021-01-05
2021-01-07,2021,1,7,Thu,1,0,2021-01-06
2021-01-08,2021,1,8,Fri,1,0,2021-01-07
2021-01-09,2021,1,9,Sat,0,0,2021-01-08
2021-01-10,2021,1,10,Sun,0,0,2021-01-08
2021-01-11,2021,1,11,Mon,1,0,2021-01-08
2021-01-12,2021,1,12,Tue,1,0,2021-01-11
2021-01-13,2021,1,13,Wed,1,0,2021-01-12
2021-01-14,2021,1,14,Thu,1,0,2021-01-13
2021-01-15,2021,1,15,Fri,1,0,2021-01-14
2021-01-16,2021,1,16,Sat,0,0,2021-01-15
2021-01-17,2021,1,17,Sun,0,0,2021-01-15
2014-12-31,2014,12,31,Wed,1,1,
2015-03-09,2015,3,9,Mon,1,0,2015-03-06
2015-03-10,2015,3,10,Tue,1,0,2015-03-09
2015-03-11,2015,3,11,Wed,1,0,2015-03-10
2015-03-12,2015,3,12,Thu,1,0,2015-03-11
2015-03-13,2015,3,13,Fri,1,0,2015-03-12
2015-03-14,2015,3,14,Sat,0,0,2015-03-13
2015-03-15,2015,3,15,Sun,0,0,2015-03-13
2015-03-16,2015,3,16,Mon,1,0,2015-03-13
2015-03-17,2015,3,17,Tue,1,0,2015-03-16
2015-03-18,2015,3,18,Wed,1,0,2015-03-17
2015-03-19,2015,3,19,Thu,1,0,2015-03-18
2015-03-20,2015,3,20,Fri,1,0,2015-03-19
2015-03-21,2015,3,21,Sat,0,0,2015-03-20
2015-03-22,2015,3,22,Sun,0,0,2015-03-20
2015-03-23,2015,3,23,Mon,1,0,2015-03-20
2015-03-24,2015,3,24,Tue,1,0,2015-03-23
2015-03-25,2015,3,25,Wed,1,0,2015-03-24
2015-03-26,2015,3,26,Thu,1,0,2015-03-25
2015-03-27,2015,3,27,Fri,1,0,2015-03-26
2015-03-28,2015,3,28,Sat,0,0,2015-03-27
2015-03-29,2015,3,29,Sun,0,0,2015-03-27
2015-03-30,2015,3,30,Mon,1,0,2015-03-27
2015-03-31,2015,3,31,Tue,1,1,2015-03-30
2015-04-01,2015,4,1,Wed,1,0,2015-03-31
2015-04-02,2015,4,2,Thu,1,0,2015-04-01
2015-04-03,2015,4,3,Fri,0,0,2015-04-02
2015-04-04,2015,4,4,Sat,0,0,2015-04-02
2015-04-05,2015,4,5,Sun,0,0,2015-04-02
2015-04-06,2015,4,6,Mon,1,0,2015-04-02
2015-04-07,2015,4,7,Tue,1,0,2015-04-06
2015-04-08,2015,4,8,Wed,1,0,2015-04-07
2015-04-09,2015,4,9,Thu,1,0,2015-04-08
2015-04-10,2015,4,10,Fri,1,0,2015-04-09
2021-03-22,2021,3,22,Mon,1,0,2021-03-19
2021-03-23,2021,3,23,Tue,1,0,2021-03-22
2021-03-24,2021,3,24,Wed,1,0,2021-03-23
2021-03-25,2021,3,25,Thu,1,0,2021-03-24
2021-03-26,2021,3,26,Fri,1,1,2021-03-25
2021-01-18,2021,1,18,Mon,0,0,2021-01-15
2021-01-19,2021,1,19,Tue,1,0,2021-01-15
2021-01-20,2021,1,20,Wed,1,0,2021-01-19
2021-01-21,2021,1,21,Thu,1,0,2021-01-20
2021-01-22,2021,1,22,Fri,1,0,2021-01-21
2021-01-23,2021,1,23,Sat,0,0,2021-01-22
2021-01-24,2021,1,24,Sun,0,0,2021-01-22
2021-01-25,2021,1,25,Mon,1,0,2021-01-22
2021-01-26,2021,1,26,Tue,1,0,2021-01-25
2021-01-27,2021,1,27,Wed,1,0,2021-01-26
2021-01-28,2021,1,28,Thu,1,0,2021-01-27
2021-01-29,2021,1,29,Fri,1,1,2021-01-28
2021-01-30,2021,1,30,Sat,0,0,2021-01-29
2021-01-31,2021,1,31,Sun,0,0,2021-01-29
2021-02-01,2021,2,1,Mon,1,0,2021-01-29
2021-02-02,2021,2,2,Tue,1,0,2021-02-01
2021-02-03,2021,2,3,Wed,1,0,2021-02-02
2021-02-04,2021,2,4,Thu,1,0,2021-02-03
2021-02-05,2021,2,5,Fri,1,0,2021-02-04
2021-02-06,2021,2,6,Sat,0,0,2021-02-05
2021-02-07,2021,2,7,Sun,0,0,2021-02-05
2021-02-08,2021,2,8,Mon,1,0,2021-02-05
2021-02-09,2021,2,9,Tue,1,0,2021-02-08
2021-02-10,2021,2,10,Wed,1,0,2021-02-09
2021-02-11,2021,2,11,Thu,1,0,2021-02-10
2021-02-12,2021,2,12,Fri,1,0,2021-02-11
2021-02-13,2021,2,13,Sat,0,0,2021-02-12
2021-02-14,2021,2,14,Sun,0,0,2021-02-12
2021-02-15,2021,2,15,Mon,0,0,2021-02-12
2021-02-16,2021,2,16,Tue,1,0,2021-02-12
2021-02-17,2021,2,17,Wed,1,0,2021-02-16
2021-02-18,2021,2,18,Thu,1,0,2021-02-17
2021-02-19,2021,2,19,Fri,1,0,2021-02-18
2021-02-20,2021,2,20,Sat,0,0,2021-02-19
2021-02-21,2021,2,21,Sun,0,0,2021-02-19
2021-02-22,2021,2,22,Mon,1,0,2021-02-19
2021-02-23,2021,2,23,Tue,1,0,2021-02-22
2021-02-24,2021,2,24,Wed,1,0,2021-02-23
2021-02-25,2021,2,25,Thu,1,0,2021-02-24
2021-02-26,2021,2,26,Fri,1,1,2021-02-25
2021-02-27,2021,2,27,Sat,0,0,2021-02-26
2021-02-28,2021,2,28,Sun,0,0,2021-02-26
2021-03-01,2021,3,1,Mon,1,0,2021-02-26
2021-03-02,2021,3,2,Tue,1,0,2021-03-01
2021-03-03,2021,3,3,Wed,1,0,2021-03-02
2021-03-04,2021,3,4,Thu,1,0,2021-03-03
2021-03-05,2021,3,5,Fri,1,0,2021-03-04
2021-03-06,2021,3,6,Sat,0,0,2021-03-05
2021-03-07,2021,3,7,Sun,0,0,2021-03-05
2021-03-08,2021,3,8,Mon,1,0,2021-03-05
2021-03-09,2021,3,9,Tue,1,0,2021-03-08
2021-03-10,2021,3,10,Wed,1,0,2021-03-09
2021-03-11,2021,3,11,Thu,1,0,2021-03-10
2021-03-12,2021,3,12,Fri,1,0,2021-03-11
2021-03-13,2021,3,13,Sat,0,0,2021-03-12
2021-03-14,2021,3,14,Sun,0,0,2021-03-12
2021-03-15,2021,3,15,Mon,1,0,2021-03-12
2021-03-16,2021,3,16,Tue,1,0,2021-03-15
2021-03-17,2021,3,17,Wed,1,0,2021-03-16
2021-03-18,2021,3,18,Thu,1,0,2021-03-17
2021-03-19,2021,3,19,Fri,1,0,2021-03-18
2021-03-20,2021,3,20,Sat,0,0,2021-03-19
2021-03-21,2021,3,21,Sun,0,0,2021-03-19
