symbol,date,open,high,low,close,adj_close,volume
SP500TR,2021-03-26,8121.33,8246.9,8121.33,8240.38,8240.38,0
SP500TR,2021-03-25,8042.96,8125.98,7990.02,8105.51,8105.51,0
SP500TR,2021-03-24,8126.82,8172.74,8062.95,8063,8063,0
SP500TR,2021-03-23,8162.98,8186.75,8088.51,8106.83,8106.83,0
SP500TR,2021-03-22,8119.17,8199.5,8114.38,8169.14,8169.14,0
SP500TR,2021-03-19,8112.22,8147.38,8057.74,8112.13,8112.13,0
SP500TR,2021-03-18,8195.02,8228.18,8106.64,8116.17,8116.17,0
SP500TR,2021-03-17,8186.47,8257.23,8158.06,8237.35,8237.35,0
SP500TR,2021-03-16,8236.19,8251.49,8194.41,8213.63,8213.63,0
SP500TR,2021-03-15,8172.49,8228.38,8132.22,8226.32,8226.32,0
SP500TR,2021-03-12,8133.9,8176.01,8114.76,8172.9,8172.9,0
SP500TR,2021-03-11,8113.28,8205.85,8113.28,8162.58,8162.58,0
SP500TR,2021-03-10,8063.94,8116.45,8051.18,8078.05,8078.05,0
SP500TR,2021-03-09,7980.49,8087.84,7980.49,8029.2,8029.2,0
SP500TR,2021-03-08,7964.14,8040.07,7912.34,7916.41,7916.41,0
SP500TR,2021-03-05,7858.8,7979.17,7727.67,7958.98,7958.98,0
SP500TR,2021-03-04,7910.12,7961.43,7712.97,7806.45,7806.45,0
SP500TR,2021-03-03,8002.9,8024.06,7909.86,7911.21,7911.21,0
SP500TR,2021-03-02,8084.6,8090.06,8012.84,8015.54,8015.54,0
SP500TR,2021-03-01,7957.96,8107.01,7957.96,8080.78,8080.78,0
SP500TR,2021-02-26,7951.84,7995.85,7848.05,7892.81,7892.81,0
SP500TR,2021-02-25,8108.58,8127.41,7897.98,7929.56,7929.56,0
SP500TR,2021-02-24,8020.3,8134.03,7991.14,8127.38,8127.38,0
SP500TR,2021-02-23,7985.76,8066.25,7879.38,8036.06,8036.06,0
SP500TR,2021-02-22,8044.55,8080.47,8022.63,8025.81,8025.81,0
SP500TR,2021-02-19,8117.6,8136.75,8081.47,8087.68,8087.68,0
SP500TR,2021-02-18,8106.15,8118.78,8042.5,8102.24,8102.24,0
SP500TR,2021-02-17,8111.32,8142.49,8074.51,8137.88,8137.88,0
SP500TR,2021-02-16,8153.69,8175.83,8121.47,8139.16,8139.16,0
SP500TR,2021-02-12,8094.81,8147.26,8083.61,8142.79,8142.79,0
SP500TR,2021-02-11,8104.25,8124,8050.71,8104.19,8104.19,0
SP500TR,2021-02-10,8111.66,8133.31,8037.52,8089.11,8089.11,0
SP500TR,2021-02-09,8090.18,8106.25,8074.04,8091.7,8091.7,0
SP500TR,2021-02-08,8051.75,8099.41,8051.75,8099.33,8099.33,0
SP500TR,2021-02-05,8022.02,8055.57,8015.14,8039.67,8039.67,0
SP500TR,2021-02-04,7935.06,8008.41,7935.06,8007.62,8007.62,0
SP500TR,2021-02-03,7941.73,7956.68,7893.06,7920.85,7920.85,0
SP500TR,2021-02-02,7841.58,7947.56,7841.58,7912.87,7912.87,0
SP500TR,2021-02-01,7716.04,7825.95,7704.89,7804.31,7804.31,0
SP500TR,2021-01-29,7812.94,7812.94,7639.4,7681.01,7681.01,0
SP500TR,2021-01-28,7765.84,7920.18,7765.84,7831.22,7831.22,0
SP500TR,2021-01-27,7932.67,7932.67,7717.66,7754.74,7754.74,0
SP500TR,2021-01-26,7986.68,8001.99,7955.36,7959.1,7959.1,0
SP500TR,2021-01-25,7963.33,7978.91,7850.6,7970.92,7970.92,0
SP500TR,2021-01-22,7947.95,7964.63,7919.75,7942.2,7942.2,0
SP500TR,2021-01-21,7975.19,7983.28,7949.7,7966.11,7966.11,0
SP500TR,2021-01-20,7889.27,7979.26,7889.27,7962.92,7962.92,0
SP500TR,2021-01-19,7818.26,7864.88,7815.26,7853.47,7853.47,0
SP500TR,2021-01-15,7832.13,7832.13,7751.66,7789.79,7789.79,0
SP500TR,2021-01-14,7886.27,7903.98,7840.56,7846.1,7846.1,0
SP500TR,2021-01-13,7859.01,7897.71,7837.12,7874.75,7874.75,0
SP500TR,2021-01-12,7857.6,7876.47,7806.15,7856.72,7856.72,0
SP500TR,2021-01-11,7860.76,7891.07,7831.67,7853.45,7853.45,0
SP500TR,2021-01-08,7885.36,7909.32,7820.38,7905.28,7905.28,0
SP500TR,2021-01-07,7780.35,7876.67,7780.35,7861.1,7861.1,0
SP500TR,2021-01-06,7744.43,7744.43,7744.43,7744.43,7744.43,0
SP500TR,2021-01-05,7640.77,7722.69,7635.64,7700.34,7700.34,0
SP500TR,2021-01-04,7777.41,7788.35,7567.08,7645.27,7645.27,0
SP500TR,2020-12-31,7712.24,7767.17,7699.05,7759.35,7759.35,0
SP500TR,2020-12-30,7717.67,7735.04,7705.32,7709.1,7709.1,0
SP500TR,2020-12-29,7745.38,7757.76,7690.22,7697.93,7697.93,0
SP500TR,2020-12-28,7689.64,7725.74,7689.64,7715.1,7715.1,0
SP500TR,2020-12-24,7629.75,7649.79,7620.12,7648.39,7648.39,0
SP500TR,2020-12-23,7627.67,7664.44,7619.82,7620.63,7620.63,0
SP500TR,2020-12-22,7637.18,7637.48,7591.91,7614.83,7614.83,0
SP500TR,2020-12-21,7608.11,7646.22,7509.69,7630.07,7630.07,0
SP500TR,2020-12-18,7686.56,7695.16,7611.18,7659.75,7659.75,0
SP500TR,2020-12-17,7667.96,7691.2,7662.29,7686.18,7686.18,0
SP500TR,2020-12-16,7631.65,7662.65,7615.79,7641.82,7641.82,0
SP500TR,2020-12-15,7570.02,7629.65,7556.01,7628.28,7628.28,0
SP500TR,2020-12-14,7588.2,7634.3,7530.21,7530.87,7530.87,0
SP500TR,2020-12-11,7547.24,7567.43,7500.48,7562.46,7562.46,0
SP500TR,2020-12-10,7553.35,7593.32,7524.94,7571.87,7571.87,0
SP500TR,2020-12-09,7649.51,7662.45,7555.71,7581.06,7581.06,0
SP500TR,2020-12-08,7601.8,7654.16,7593.28,7641.43,7641.43,0
SP500TR,2020-12-07,7625.71,7631.24,7593.11,7620,7620,0
SP500TR,2020-12-04,7576.61,7634.81,7576.61,7634.77,7634.77,0
SP500TR,2020-12-03,7570.66,7600.41,7548.24,7567.44,7567.44,0
SP500TR,2020-12-02,7539.35,7574.03,7521.57,7570.76,7570.76,0
SP500TR,2020-12-01,7522.3,7589.22,7522.3,7556.51,7556.51,0
SP500TR,2020-11-30,7497.94,7497.94,7416.46,7472.06,7472.06,0
SP500TR,2020-11-27,7505.77,7517.66,7486.95,7505.38,7505.38,0
SP500TR,2020-11-25,7498.76,7498.76,7462.17,7486.68,7486.68,0
SP500TR,2020-11-24,7413.97,7512.14,7413.97,7498.29,7498.29,0
SP500TR,2020-11-23,7356.72,7403.7,7327.75,7378.94,7378.94,0
SP500TR,2020-11-20,7381.65,7385.6,7335.75,7336.76,7336.76,0
SP500TR,2020-11-19,7340.55,7393.59,7309.2,7386.86,7386.86,0
SP500TR,2020-11-18,7448.67,7463.07,7356.81,7357.34,7357.34,0
SP500TR,2020-11-17,7443.64,7469.99,7399.21,7442.04,7442.04,0
SP500TR,2020-11-16,7421.66,7478.34,7421.66,7476.79,7476.79,0
SP500TR,2020-11-13,7323.46,7408.11,7323.46,7390.61,7390.61,0
SP500TR,2020-11-12,7343.57,7356.58,7252.72,7290.69,7290.69,0
SP500TR,2020-11-11,7343.21,7380.13,7330.44,7362.65,7362.65,0
SP500TR,2020-11-10,7302.06,7330.83,7237.7,7306.75,7306.75,0
SP500TR,2020-11-09,7382.81,7511.31,7311.15,7315.77,7315.77,0
SP500TR,2020-11-06,7228.26,7254.24,7178.81,7230.51,7230.51,0
SP500TR,2020-11-05,7180.78,7269.9,7180.78,7231.67,7231.67,0
SP500TR,2020-11-04,7016.15,7179.92,7014.63,7092.3,7092.3,0
SP500TR,2020-11-03,6871.53,6981.17,6871.53,6939.3,6939.3,0
SP500TR,2020-11-02,6788.96,6858.65,6755.13,6817.89,6817.89,0
SP500TR,2020-10-30,6783.49,6806.43,6660.69,6734.84,6734.84,0
SP500TR,2020-10-29,6748.97,6880.28,6713.58,6816.79,6816.79,0
SP500TR,2020-10-28,6882.88,6882.88,6731.9,6735.75,6735.75,0
SP500TR,2020-10-27,7007.8,7020.45,6978.18,6982.14,6982.14,0
SP500TR,2020-10-26,7086.5,7086.5,6928.88,7003.21,7003.21,0
SP500TR,2020-10-23,7134.8,7137.66,7084.8,7135.81,7135.81,0
SP500TR,2020-10-22,7080.3,7125.47,7032.96,7111.17,7111.17,0
SP500TR,2020-10-21,7082.61,7133.86,7068.59,7073.65,7073.65,0
SP500TR,2020-10-20,7081.37,7158.67,7073.88,7089.06,7089.06,0
SP500TR,2020-10-19,7192.99,7210.94,7041.71,7055.58,7055.58,0
SP500TR,2020-10-16,7192.66,7238.33,7170.73,7172.7,7172.7,0
SP500TR,2020-10-15,7110.62,7183.39,7084.63,7171.61,7171.61,0
SP500TR,2020-10-14,7237.56,7263.23,7165.71,7182.38,7182.38,0
SP500TR,2020-10-13,7275,7275,7206.83,7229.55,7229.55,0
SP500TR,2020-10-12,7205.03,7307.55,7205.03,7275.43,7275.43,0
SP500TR,2020-10-09,7121.98,7168.48,7118.69,7157.94,7157.94,0
SP500TR,2020-10-08,7069.58,7096.1,7056.97,7095.4,7095.4,0
SP500TR,2020-10-07,6965.12,7050.9,6965.12,7036.89,7036.89,0
SP500TR,2020-10-06,7014.74,7061.56,6903.47,6916.43,6916.43,0
SP500TR,2020-10-05,6929.14,7015.99,6929.14,7014.17,7014.17,0
SP500TR,2020-10-02,6870.09,6932.14,6839.04,6889.6,6889.6,0
SP500TR,2020-10-01,6966.63,6989.43,6916.53,6956.2,6956.2,0
SP500TR,2020-09-30,6874.01,6981.61,6872.5,6918.83,6918.83,0
SP500TR,2020-09-29,6893.74,6908.12,6845.82,6861.96,6861.96,0
SP500TR,2020-09-28,6857.87,6913.07,6855.9,6894.27,6894.27,0
SP500TR,2020-09-25,6657.83,6802.14,6642.04,6784.95,6784.95,0
SP500TR,2020-09-24,6635.98,6744,6602.36,6678.04,6678.04,0
SP500TR,2020-09-23,6828.92,6835.21,6649.24,6657.82,6657.82,0
SP500TR,2020-09-22,6778.33,6828.67,6727.32,6819.08,6819.08,0
SP500TR,2020-09-21,6757.35,6757.35,6641.33,6748.08,6748.08,0
SP500TR,2020-09-18,6904.68,6913.83,6771.06,6826.72,6826.72,0
SP500TR,2020-09-17,6882.96,6940.99,6845.9,6903.82,6903.82,0
SP500TR,2020-09-16,7015.21,7051.51,6960.53,6962.29,6962.29,0
SP500TR,2020-09-15,7007.77,7031.43,6969.87,6994.33,6994.33,0
SP500TR,2020-09-14,6916.83,6997.51,6916.83,6957.91,6957.91,0
SP500TR,2020-09-11,6892.34,6924.81,6805.53,6868.22,6868.22,0
SP500TR,2020-09-10,7015.06,7041.75,6844.42,6864.23,6864.23,0
SP500TR,2020-09-09,6926.86,7039.71,6920.95,6986.76,6986.76,0
SP500TR,2020-09-08,6930.72,6946.92,6843.17,6848.42,6848.42,0
SP500TR,2020-09-04,7098.38,7150.44,6886.63,7043.62,7043.62,0
SP500TR,2020-09-03,7326.76,7326.93,7044.82,7101.38,7101.38,0
SP500TR,2020-09-02,7282.28,7373.35,7265.2,7358.49,7358.49,0
SP500TR,2020-09-01,7206.9,7249.21,7180.76,7246.37,7246.37,0
SP500TR,2020-08-31,7211.47,7221.83,7177.81,7192.11,7192.11,0
SP500TR,2020-08-28,7179.73,7209.56,7158.42,7207.1,7207.1,0
SP500TR,2020-08-27,7159.38,7192.73,7125.35,7158.18,7158.18,0
SP500TR,2020-08-26,7086.68,7150.52,7075,7145.77,7145.77,0
SP500TR,2020-08-25,7057.84,7074.57,7037.16,7073.6,7073.6,0
SP500TR,2020-08-24,7021.07,7048.82,7010.91,7048.17,7048.17,0
SP500TR,2020-08-21,6954.39,6982.97,6941,6977.27,6977.27,0
SP500TR,2020-08-20,6901.52,6963.52,6889.85,6952.92,6952.92,0
SP500TR,2020-08-19,6967.07,6981.41,6920.37,6930.8,6930.8,0
SP500TR,2020-08-18,6954.69,6971.02,6920.08,6960.3,6960.3,0
SP500TR,2020-08-17,6940.89,6954.67,6937.54,6943.22,6943.22,0
SP500TR,2020-08-14,6915.68,6935.89,6901.28,6924.28,6924.28,0
SP500TR,2020-08-13,6923.97,6953.27,6904.49,6924.96,6924.96,0
SP500TR,2020-08-12,6886.36,6952.81,6886.36,6937.44,6937.44,0
SP500TR,2020-08-11,6915.89,6937.66,6825.8,6840.67,6840.67,0
SP500TR,2020-08-10,6886.5,6901.1,6845.07,6895.59,6895.59,0
SP500TR,2020-08-07,6853.6,6879.03,6830.55,6876.65,6876.65,0
SP500TR,2020-08-06,6817.56,6874.68,6807.27,6870.86,6870.86,0
SP500TR,2020-08-05,6804.89,6832.09,6804.89,6826.22,6826.22,0
SP500TR,2020-08-04,6748.58,6783.11,6741.29,6782.6,6782.6,0
SP500TR,2020-08-03,6745.17,6774.85,6737.72,6758.2,6758.2,0
SP500TR,2020-07-31,6708.41,6711.95,6606.32,6709.81,6709.81,0
SP500TR,2020-07-30,6628.36,6667.65,6572.89,6658.02,6658.02,0
SP500TR,2020-07-29,6617.99,6694.93,6617.99,6682.01,6682.01,0
SP500TR,2020-07-28,6632.45,6651.76,6595.32,6599.97,6599.97,0
SP500TR,2020-07-27,6602.76,6647.04,6591.33,6642.89,6642.89,0
SP500TR,2020-07-24,6600.16,6617.8,6562.16,6594.1,6594.1,0
SP500TR,2020-07-23,6708.82,6725.83,6608.63,6635.04,6635.04,0
SP500TR,2020-07-22,6673.92,6724.05,6670.3,6717.29,6717.29,0
SP500TR,2020-07-21,6701.75,6719.65,6659.26,6678.74,6678.74,0
SP500TR,2020-07-20,6610.96,6681.34,6592.38,6667.45,6667.45,0
SP500TR,2020-07-17,6610.79,6629.68,6573.14,6611.86,6611.86,0
SP500TR,2020-07-16,6577.96,6602.63,6557.93,6592.75,6592.75,0
SP500TR,2020-07-15,6613.88,6639.09,6562.23,6615.07,6615.07,0
SP500TR,2020-07-14,6439.77,6562.42,6412.2,6555.4,6555.4,0
SP500TR,2020-07-13,6570.03,6631.95,6456.91,6467.84,6467.84,0
SP500TR,2020-07-10,6462.2,6532.45,6429,6528.96,6528.96,0
SP500TR,2020-07-09,6510.74,6518.14,6387.14,6461.31,6461.31,0
SP500TR,2020-07-08,6461.56,6499.78,6427.68,6496.14,6496.14,0
SP500TR,2020-07-07,6488.87,6525.06,6441.37,6445.59,6445.59,0
SP500TR,2020-07-06,6465.99,6519.42,6465.99,6516.05,6516.05,0
SP500TR,2020-07-02,6442.08,6487.36,6402.9,6414.16,6414.16,0
SP500TR,2020-07-01,6363.41,6409.19,6353.66,6383.76,6383.76,0
SP500TR,2020-06-30,6249.07,6374.34,6245.77,6351.67,6351.67,0
SP500TR,2020-06-29,6183.81,6255.38,6145.2,6254.78,6254.78,0
SP500TR,2020-06-26,6294.89,6295.83,6155.32,6163.5,6163.5,0
SP500TR,2020-06-25,6240.35,6321.05,6194.08,6316.45,6316.45,0
SP500TR,2020-06-24,6378.88,6379.72,6210.55,6247.66,6247.66,0
SP500TR,2020-06-23,6428.62,6461.52,6405.06,6413.44,6413.44,0
SP500TR,2020-06-22,6337.9,6392.14,6307.12,6385.91,6385.91,0
SP500TR,2020-06-19,6431.83,6460.76,6314.75,6344.7,6344.7,0
SP500TR,2020-06-18,6351.5,6389.08,6334.84,6379.56,6379.56,0
SP500TR,2020-06-17,6421.9,6432.06,6364.36,6375.54,6375.54,0
SP500TR,2020-06-16,6411.39,6456.98,6301.28,6398.58,6398.58,0
SP500TR,2020-06-15,6130.27,6306.22,6073.52,6279.4,6279.4,0
SP500TR,2020-06-12,6288.27,6323.53,6111.71,6227.42,6227.42,0
SP500TR,2020-06-11,6393.85,6393.85,6141.39,6145.3,6145.3,0
SP500TR,2020-06-10,6577.08,6596.98,6512.07,6529.42,6529.42,0
SP500TR,2020-06-09,6576.83,6596.03,6535.54,6564.27,6564.27,0
SP500TR,2020-06-08,6548.95,6615.55,6541.09,6615.4,6615.4,0
SP500TR,2020-06-05,6475.01,6572.61,6475.01,6536.58,6536.58,0
SP500TR,2020-06-04,6367.92,6403.37,6324.65,6369.54,6369.54,0
SP500TR,2020-06-03,6340.63,6406.18,6340.63,6389.67,6389.67,0
SP500TR,2020-06-02,6270.18,6303.14,6243.41,6303,6303,0
SP500TR,2020-06-01,6216.8,6264.66,6202.37,6251.48,6251.48,0
SP500TR,2020-05-29,6188.67,6237.49,6134.34,6227.81,6227.81,0
SP500TR,2020-05-28,6231.52,6276.6,6184.06,6197.02,6197.02,0
SP500TR,2020-05-27,6167.5,6209.63,6073.62,6209.38,6209.38,0
SP500TR,2020-05-26,6143.73,6179.26,6111.39,6118.54,6118.54,0
SP500TR,2020-05-22,6029.02,6046.83,5999.56,6044.16,6044.16,0
SP500TR,2020-05-21,6072.78,6090.21,6008.7,6028.93,6028.93,0
SP500TR,2020-05-20,6039,6093.5,6039,6075.76,6075.76,0
SP500TR,2020-05-19,6027.58,6059.52,5973.95,5975.15,5975.15,0
SP500TR,2020-05-18,5956.05,6066.75,5956.05,6037.9,6037.9,0
SP500TR,2020-05-15,5783.88,5855.53,5757.16,5852.84,5852.84,0
SP500TR,2020-05-14,5710.9,5829.71,5654.23,5829.33,5829.33,0
SP500TR,2020-05-13,5855.4,5871.93,5707.06,5761.7,5761.7,0
SP500TR,2020-05-12,6005.42,6018.26,5863.64,5863.68,5863.68,0
SP500TR,2020-05-11,5955.3,6014.08,5930.79,5985.66,5985.66,0
SP500TR,2020-05-08,5941.7,5989.36,5929.74,5984.55,5984.55,0
SP500TR,2020-05-07,5878.15,5926.28,5874.72,5884.14,5884.14,0
SP500TR,2020-05-06,5886.04,5902.31,5813.6,5815.17,5815.17,0
SP500TR,2020-05-05,5856.48,5916.31,5845.98,5855.58,5855.58,0
SP500TR,2020-05-04,5746.52,5806.19,5711.56,5803.12,5803.12,0
SP500TR,2020-05-01,5856.87,5856.87,5760.09,5778.53,5778.53,0
SP500TR,2020-04-30,5982.4,5982.4,5904.07,5944.68,5944.68,0
SP500TR,2020-04-29,5956.78,6031.08,5943.98,5999.74,5999.74,0
SP500TR,2020-04-28,5939.22,5961.25,5838.71,5844.18,5844.18,0
SP500TR,2020-04-27,5826.3,5893.78,5822.81,5874.94,5874.94,0
SP500TR,2020-04-24,5740.46,5801.03,5697.88,5789.65,5789.65,0
SP500TR,2020-04-23,5735.79,5805.96,5703.04,5710.04,5710.04,0
SP500TR,2020-04-22,5689.34,5742.24,5665.2,5712.65,5712.65,0
SP500TR,2020-04-21,5682.88,5684.2,5565.13,5584.44,5584.44,0
SP500TR,2020-04-20,5806.83,5854.32,5755.55,5761,5761,0
SP500TR,2020-04-17,5800.32,5875.29,5776.76,5865.9,5865.9,0
SP500TR,2020-04-16,5712.16,5726.79,5640.71,5712.6,5712.6,0
SP500TR,2020-04-15,5704.59,5716.83,5635.33,5679.53,5679.53,0
SP500TR,2020-04-14,5723.54,5818.91,5723.54,5807.1,5807.1,0
SP500TR,2020-04-13,5676.64,5676.64,5551.75,5634.15,5634.15,0
SP500TR,2020-04-09,5665.38,5750.09,5635.76,5691.54,5691.54,0
SP500TR,2020-04-08,5477.04,5630.93,5432.83,5609.55,5609.55,0
SP500TR,2020-04-07,5585.12,5619.67,5420.98,5423.52,5423.52,0
SP500TR,2020-04-06,5258,5458.89,5251.12,5432.17,5432.17,0
SP500TR,2020-04-03,5128.72,5175.91,5017.12,5075.16,5075.16,0
SP500TR,2020-04-02,5013.08,5165.25,5007.49,5152.47,5152.47,0
SP500TR,2020-04-01,5092.85,5143.14,4989.73,5036.64,5036.64,0
SP500TR,2020-03-31,5330.56,5384.49,5241.81,5269.2,5269.2,0
SP500TR,2020-03-30,5216.48,5364.43,5188.56,5354.39,5354.39,0
SP500TR,2020-03-27,5209.27,5331.64,5136.56,5179.92,5179.92,0
SP500TR,2020-03-26,5098.02,5374.26,5097.61,5360.49,5360.49,0
SP500TR,2020-03-25,5009.1,5240.72,4906.7,5045.35,5045.35,0
SP500TR,2020-03-24,4778.12,4992.57,4778.12,4987.8,4987.8,0
SP500TR,2020-03-23,4668.16,4688.56,4466.72,4559.5,4559.5,0
SP500TR,2020-03-20,4955.9,4998.66,4678.65,4697.09,4697.09,0
SP500TR,2020-03-19,4876.73,5026.33,4727.02,4909.13,4909.13,0
SP500TR,2020-03-18,4964.01,4998.63,4646.56,4885.78,4885.78,0
SP500TR,2020-03-17,4941.9,5203.15,4822.7,5152.83,5152.83,0
SP500TR,2020-03-16,5110.69,5221.49,4850.64,4861.22,4861.22,0
SP500TR,2020-03-13,5235.63,5522.89,5077.69,5522.85,5522.85,0
SP500TR,2020-03-12,5357.82,5417.62,5049.06,5051.97,5051.97,0
SP500TR,2020-03-11,5753.21,5753.21,5512.87,5581.76,5581.76,0
SP500TR,2020-03-10,5728.15,5868.12,5566.34,5868.11,5868.11,0
SP500TR,2020-03-09,5830.58,5830.58,5567.82,5591.74,5591.74,0
SP500TR,2020-03-06,6013.8,6078.39,5906.62,6050.8,6050.8,0
SP500TR,2020-03-05,6260.91,6275.08,6106.71,6155.58,6155.58,0
SP500TR,2020-03-04,6198.66,6371.85,6175.66,6370.35,6370.35,0
SP500TR,2020-03-03,6301.52,6383.33,6057.83,6112.07,6112.07,0
SP500TR,2020-03-02,6052.69,6289.28,5993.85,6288.64,6288.64,0
SP500TR,2020-02-28,5935.79,6022.82,5811.55,6011.73,6011.73,0
SP500TR,2020-02-27,6231.1,6301.14,6059.73,6060.67,6060.67,0
SP500TR,2020-02-26,6387.21,6473.67,6324.42,6339.38,6339.38,0
SP500TR,2020-02-25,6588.63,6604.37,6344.18,6363.37,6363.37,0
SP500TR,2020-02-24,6626.46,6630.77,6539.51,6561.94,6561.94,0
SP500TR,2020-02-21,6834.88,6835.05,6769.93,6788.6,6788.6,0
SP500TR,2020-02-20,6875.21,6892.91,6795.02,6860.52,6860.52,0
SP500TR,2020-02-19,6874.75,6901.42,6871.58,6886.47,6886.47,0
SP500TR,2020-02-18,6850.51,6862.64,6823.25,6853.04,6853.04,0
SP500TR,2020-02-14,6868.46,6873.65,6844.51,6872.68,6872.68,0
SP500TR,2020-02-13,6842.58,6881.31,6831.77,6858.92,6858.92,0
SP500TR,2020-02-12,6849.73,6871.93,6848.3,6867.92,6867.92,0
SP500TR,2020-02-11,6840.1,6859.81,6813.45,6823.59,6823.59,0
SP500TR,2020-02-10,6743.13,6811.98,6742.09,6811.83,6811.83,0
SP500TR,2020-02-07,6777.17,6788.8,6749.97,6761.26,6761.26,0
SP500TR,2020-02-06,6794.89,6800.99,6773.51,6796.64,6796.64,0
SP500TR,2020-02-05,6753.11,6778.82,6730.53,6772.98,6772.98,0
SP500TR,2020-02-04,6663,6716.39,6663,6697.49,6697.49,0
SP500TR,2020-02-03,6571.68,6638.02,6571.68,6598.63,6598.63,0
SP500TR,2020-01-31,6666.38,6666.38,6529.57,6551,6551,0
SP500TR,2020-01-30,6613.27,6673.09,6585.79,6668.52,6668.52,0
SP500TR,2020-01-29,6679.29,6687.44,6643.84,6646.69,6646.69,0
SP500TR,2020-01-28,6609.89,6671.65,6605.81,6652.3,6652.3,0
SP500TR,2020-01-27,6593.11,6616.64,6568.37,6585.95,6585.95,0
SP500TR,2020-01-24,6767.61,6767.7,6662.93,6691.22,6691.22,0
SP500TR,2020-01-23,6732.24,6754.53,6704.12,6752.09,6752.09,0
SP500TR,2020-01-22,6760.69,6776.35,6740.43,6743.9,6743.9,0
SP500TR,2020-01-21,6742.18,6759.97,6733.31,6741.71,6741.71,0
SP500TR,2020-01-17,6747.4,6759.9,6737.68,6759.51,6759.51,0
SP500TR,2020-01-16,6705.27,6733.79,6705.27,6733.35,6733.35,0
SP500TR,2020-01-15,6662.99,6696.27,6660.18,6677.25,6677.25,0
SP500TR,2020-01-14,6669.12,6687.15,6652.7,6664.66,6664.66,0
SP500TR,2020-01-13,6639.63,6674.14,6634.28,6674.13,6674.13,0
SP500TR,2020-01-10,6661.28,6663.68,6618.81,6627.87,6627.87,0
SP500TR,2020-01-09,6629.23,6648.57,6624.65,6646.84,6646.84,0
SP500TR,2020-01-08,6571.82,6629.61,6568.16,6601.15,6601.15,0
SP500TR,2020-01-07,6578.23,6584.36,6559.19,6568.74,6568.74,0
SP500TR,2020-01-06,6528.24,6587.31,6522.34,6586.54,6586.54,0
SP500TR,2020-01-03,6546.09,6586.25,6538.17,6563.32,6563.32,0
SP500TR,2020-01-02,6582.55,6609.67,6564.02,6609.29,6609.29,0
SP500TR,2019-12-31,6521.92,6555.48,6515.56,6553.57,6553.57,0
SP500TR,2019-12-30,6572.03,6573.72,6524.56,6533.91,6533.91,0
SP500TR,2019-12-27,6585.65,6586.85,6559.59,6571.03,6571.03,0
SP500TR,2019-12-26,6544.95,6571.05,6544.95,6570.71,6570.71,0
SP500TR,2019-12-24,6540.79,6542.77,6530.77,6536.58,6536.58,0
SP500TR,2019-12-23,6541.53,6545.02,6534.23,6537.4,6537.4,0
SP500TR,2019-12-20,6536.01,6540.7,6521.32,6531.75,6531.75,0
SP500TR,2019-12-19,6472.8,6499.4,6472.8,6499.26,6499.26,0
SP500TR,2019-12-18,6478.24,6484.83,6469.99,6470,6470,0
SP500TR,2019-12-17,6478.09,6483.58,6469.23,6472.24,6472.24,0
SP500TR,2019-12-16,6454.19,6482.69,6454.19,6470.03,6470.03,0
SP500TR,2019-12-13,6419.57,6451.79,6399.1,6423.93,6423.93,0
SP500TR,2019-12-12,6366.93,6437.9,6361.39,6422.35,6422.35,0
SP500TR,2019-12-11,6354.92,6371.46,6349.77,6366.84,6366.84,0
SP500TR,2019-12-10,6354.07,6367.78,6335.49,6348.31,6348.31,0
SP500TR,2019-12-09,6367.03,6381.23,6354.79,6355.07,6355.07,0
SP500TR,2019-12-06,6351.83,6384.2,6351.83,6374.7,6374.7,0
SP500TR,2019-12-05,6320.3,6320.76,6289.18,6316.69,6316.69,0
SP500TR,2019-12-04,6286.75,6318.92,6284.86,6305.49,6305.49,0
SP500TR,2019-12-03,6253.48,6268.78,6219,6265.22,6265.22,0
SP500TR,2019-12-02,6367.59,6368.51,6300.62,6306.88,6306.88,0
SP500TR,2019-11-29,6374.12,6380.41,6358.36,6361.56,6361.56,0
SP500TR,2019-11-27,6369.29,6386.8,6365.18,6385.76,6385.76,0
SP500TR,2019-11-26,6346.98,6362.82,6339.2,6358.46,6358.46,0
SP500TR,2019-11-25,6311.57,6344.66,6311.57,6344.36,6344.36,0
SP500TR,2019-11-22,6298.6,6301.52,6274.11,6296.34,6296.34,0
SP500TR,2019-11-21,6292.61,6295.89,6264.55,6282.59,6282.59,0
SP500TR,2019-11-20,6304.73,6313.41,6257.95,6292.17,6292.17,0
SP500TR,2019-11-19,6329.37,6329.58,6301.1,6314.66,6314.66,0
SP500TR,2019-11-18,6309.68,6322.35,6297.85,6318.02,6318.02,0
SP500TR,2019-11-15,6289.36,6314.75,6282.7,6314.74,6314.74,0
SP500TR,2019-11-14,6253.53,6268.53,6238.51,6265.42,6265.42,0
SP500TR,2019-11-13,6238.66,6266.65,6227.99,6258.58,6258.58,0
SP500TR,2019-11-12,6248.75,6275.71,6240.05,6253.91,6253.91,0
SP500TR,2019-11-11,6230.3,6246.44,6221.19,6243.81,6243.81,0
SP500TR,2019-11-08,6232.18,6256.11,6216.74,6256.11,6256.11,0
SP500TR,2019-11-07,6242.7,6264.22,6229.02,6238.99,6238.99,0
SP500TR,2019-11-06,6215.72,6220.08,6197.09,6219.1,6219.1,0
SP500TR,2019-11-05,6226.77,6233.14,6209.38,6214.28,6214.28,0
SP500TR,2019-11-04,6223.02,6235.29,6214.78,6221.63,6221.63,0
SP500TR,2019-11-01,6165.86,6198.61,6165.86,6198.59,6198.59,0
SP500TR,2019-10-31,6157.6,6157.6,6109.68,6138.73,6138.73,0
SP500TR,2019-10-30,6142.74,6162.59,6115.31,6156.93,6156.93,0
SP500TR,2019-10-29,6133.43,6158.39,6132.41,6136.47,6136.47,0
SP500TR,2019-10-28,6126.75,6150.91,6126.75,6141.51,6141.51,0
SP500TR,2019-10-25,6068.55,6117.12,6066,6107.42,6107.42,0
SP500TR,2019-10-24,6091.62,6094.08,6062.65,6082.54,6082.54,0
SP500TR,2019-10-23,6049.63,6071.32,6044.12,6070.87,6070.87,0
SP500TR,2019-10-22,6083.19,6090.9,6051.82,6053.42,6053.42,0
SP500TR,2019-10-21,6054.21,6076.07,6051.96,6074.9,6074.9,0
SP500TR,2019-10-18,6054.74,6061.08,6013.53,6033.26,6033.26,0
SP500TR,2019-10-17,6062.54,6077.7,6044.47,6056.84,6056.84,0
SP500TR,2019-10-16,6039.67,6055.44,6030.61,6039.69,6039.69,0
SP500TR,2019-10-15,6006.79,6066.73,6006.79,6051.39,6051.39,0
SP500TR,2019-10-14,5991.04,6005.17,5985.41,5991.72,5991.72,0
SP500TR,2019-10-11,5985.51,6045.96,5985.51,6000.04,6000.04,0
SP500TR,2019-10-10,5895.01,5955.39,5892.12,5934.56,5934.56,0
SP500TR,2019-10-09,5879.85,5916.63,5872.97,5896.6,5896.6,0
SP500TR,2019-10-08,5896.79,5907.02,5841.27,5841.57,5841.57,0
SP500TR,2019-10-07,5944.75,5975.32,5927.56,5933.76,5933.76,0
SP500TR,2019-10-04,5892.91,5963.73,5892.91,5960.43,5960.43,0
SP500TR,2019-10-03,5825.89,5877.45,5766.45,5876.86,5876.86,0
SP500TR,2019-10-02,5903.98,5903.98,5803.34,5828.93,5828.93,0
SP500TR,2019-10-01,6022.89,6040.71,5932.06,5935.2,5935.2,0
SP500TR,2019-09-30,5989.08,6022.95,5989.08,6008.59,6008.59,0
SP500TR,2019-09-27,6025.89,6029.6,5945.35,5978.11,5978.11,0
SP500TR,2019-09-26,6025.56,6028.68,5981.23,6009.19,6009.19,0
SP500TR,2019-09-25,5990.12,6033.44,5959.53,6023.46,6023.46,0
SP500TR,2019-09-24,6058.88,6070.08,5968.7,5986.58,5986.58,0
SP500TR,2019-09-23,6020.2,6051.77,6017.88,6036.9,6036.9,0
SP500TR,2019-09-20,6070.48,6086.45,6023.61,6037.5,6037.5,0
SP500TR,2019-09-19,6074.09,6097.45,6059.58,6066.9,6066.9,0
SP500TR,2019-09-18,6055.87,6068.37,6009.68,6066.42,6066.42,0
SP500TR,2019-09-17,6044.08,6065.31,6040.38,6064.31,6064.31,0
SP500TR,2019-09-16,6045.54,6057.18,6034.62,6048.67,6048.67,0
SP500TR,2019-09-13,6077.23,6087.57,6058.5,6067.5,6067.5,0
SP500TR,2019-09-12,6069.24,6092.39,6052.79,6070.23,6070.23,0
SP500TR,2019-09-11,6012.51,6051.87,6000.2,6051.87,6051.87,0
SP500TR,2019-09-10,5991.24,6008.14,5963.17,6008.12,6008.12,0
SP500TR,2019-09-09,6026.16,6027.64,5988.22,6005.99,6005.99,0
SP500TR,2019-09-06,6009.33,6018.56,5993.58,6006.07,6006.07,0
SP500TR,2019-09-05,5969.34,6019.96,5969.34,6000.38,6000.38,0
SP500TR,2019-09-04,5895.54,5924.05,5889.9,5921.96,5921.96,0
SP500TR,2019-09-03,5863.47,5874.19,5829.08,5857.95,5857.95,0
SP500TR,2019-08-30,5919.65,5926.39,5871.82,5898.23,5898.23,0
SP500TR,2019-08-29,5865.02,5905.59,5855.57,5893.65,5893.65,0
SP500TR,2019-08-28,5765.13,5823.05,5749.57,5818.84,5818.84,0
SP500TR,2019-08-27,5829.11,5840.3,5764.07,5780.79,5780.79,0
SP500TR,2019-08-26,5775.81,5800.31,5754.25,5799.34,5799.34,0
SP500TR,2019-08-23,5864.47,5896.6,5711.17,5735.63,5735.63,0
SP500TR,2019-08-22,5904.46,5920.86,5851.25,5888.37,5888.37,0
SP500TR,2019-08-21,5886.37,5899.77,5878.77,5891.19,5891.19,0
SP500TR,2019-08-20,5880.03,5889.25,5841.56,5842.76,5842.76,0
SP500TR,2019-08-19,5868.46,5903.69,5868.46,5888.93,5888.93,0
SP500TR,2019-08-16,5769.97,5828.1,5769.97,5818.17,5818.17,0
SP500TR,2019-08-15,5731.67,5752.46,5690.03,5734.49,5734.49,0
SP500TR,2019-08-14,5827.09,5827.09,5717.38,5719.3,5719.3,0
SP500TR,2019-08-13,5798.36,5924.34,5790.98,5890.16,5890.16,0
SP500TR,2019-08-12,5851.19,5852.13,5782.91,5802.14,5802.14,0
SP500TR,2019-08-09,5897.34,5907.59,5836.26,5873.47,5873.47,0
SP500TR,2019-08-08,5827.4,5912.91,5824.14,5911.66,5911.66,0
SP500TR,2019-08-07,5750.36,5817.61,5684.52,5801.32,5801.32,0
SP500TR,2019-08-06,5755.29,5802,5728.02,5796.72,5796.72,0
SP500TR,2019-08-05,5829.05,5829.05,5676.31,5721.8,5721.8,0
SP500TR,2019-08-02,5920.95,5923.61,5861.1,5897.1,5897.1,0
SP500TR,2019-08-01,5993.64,6060.55,5923.34,5939.83,5939.83,0
SP500TR,2019-07-31,6065.24,6067.61,5949.04,5993.17,5993.17,0
SP500TR,2019-07-30,6047.84,6067,6034.57,6058.96,6058.96,0
SP500TR,2019-07-29,6081.05,6083.16,6060.71,6074.01,6074.01,0
SP500TR,2019-07-26,6058.48,6088.08,6057.23,6083.82,6083.82,0
SP500TR,2019-07-25,6064.44,6064.44,6026.38,6039.13,6039.13,0
SP500TR,2019-07-24,6029.25,6071.07,6025.56,6071.05,6071.05,0
SP500TR,2019-07-23,6020.9,6043.27,6008.51,6042.48,6042.48,0
SP500TR,2019-07-22,5995.04,6012.7,5984.44,6001.28,6001.28,0
SP500TR,2019-07-19,6039.8,6043.17,5983.41,5984.2,5984.2,0
SP500TR,2019-07-18,5988.5,6027.45,5976.9,6021.15,6021.15,0
SP500TR,2019-07-17,6040.61,6040.89,5998.99,5999.05,5999.05,0
SP500TR,2019-07-16,6054.66,6060.42,6032.73,6038.4,6038.4,0
SP500TR,2019-07-15,6065.87,6065.87,6047.73,6058.83,6058.83,0
SP500TR,2019-07-12,6036.85,6057.88,6033.92,6057.77,6057.77,0
SP500TR,2019-07-11,6028.75,6034.19,6007,6029.33,6029.33,0
SP500TR,2019-07-10,6007.99,6035.36,5998.63,6015.56,6015.56,0
SP500TR,2019-07-09,5960.13,5992.99,5955.95,5988.48,5988.48,0
SP500TR,2019-07-08,5987.02,5988.9,5967.62,5979.34,5979.34,0
SP500TR,2019-07-05,5995.94,6015.58,5963.25,6008.31,6008.31,0
SP500TR,2019-07-03,5982.9,5982.9,5982.9,5982.9,5982.9,0
SP500TR,2019-07-02,5971.29,5971.29,5971.29,5971.29,5971.29,0
SP500TR,2019-07-01,5953.63,5953.63,5953.63,5953.63,5953.63,0
SP500TR,2019-06-28,5890.53,5912.71,5882.77,5908.25,5908.25,0
SP500TR,2019-06-27,5863.58,5882.95,5861.88,5874.15,5874.15,0
SP500TR,2019-06-26,5875.58,5888.59,5849.38,5850.9,5850.9,0
SP500TR,2019-06-25,5915.15,5916.16,5855.52,5858.13,5858.13,0
SP500TR,2019-06-24,5926.47,5933.43,5911.75,5914.29,5914.29,0
SP500TR,2019-06-21,5929.07,5952.03,5917.38,5924.54,5924.54,0
SP500TR,2019-06-20,5922.47,5939.45,5886.23,5931.66,5931.66,0
SP500TR,2019-06-19,5863.59,5886.06,5845.4,5875.45,5875.45,0
SP500TR,2019-06-18,5835.79,5883.81,5833.25,5857.95,5857.95,0
SP500TR,2019-06-17,5801.56,5816.58,5796.68,5801.4,5801.4,0
SP500TR,2019-06-14,5795.65,5810.71,5781.31,5795.96,5795.96,0
SP500TR,2019-06-13,5793.7,5811.76,5785.22,5804.53,5804.53,0
SP500TR,2019-06-12,5784.93,5796.65,5768.93,5779.12,5779.12,0
SP500TR,2019-06-11,5826.03,5840.52,5776.42,5790.83,5790.83,0
SP500TR,2019-06-10,5790.75,5828.7,5790.21,5792.56,5792.56,0
SP500TR,2019-06-07,5724.58,5788.89,5724.58,5765.66,5765.66,0
SP500TR,2019-06-06,5675.18,5722.15,5663.15,5705.22,5705.22,0
SP500TR,2019-06-05,5652.73,5671.15,5618.37,5668.89,5668.89,0
SP500TR,2019-06-04,5540.81,5624.7,5540.81,5622.31,5622.31,0
SP500TR,2019-06-03,5518.27,5541.39,5473.21,5504.05,5504.05,0
SP500TR,2019-05-31,5547.51,5552.98,5516.33,5519.27,5519.27,0
SP500TR,2019-05-30,5588.11,5611.89,5567.67,5591.97,5591.97,0
SP500TR,2019-05-29,5594,5597.53,5545.53,5579.51,5579.51,0
SP500TR,2019-05-28,5673.61,5694.55,5617.17,5618.18,5618.18,0
SP500TR,2019-05-24,5678.31,5696.25,5653.83,5665.6,5665.6,0
SP500TR,2019-05-23,5686.08,5686.08,5623.54,5657.1,5657.1,0
SP500TR,2019-05-22,5724.28,5742.14,5714.39,5724.71,5724.71,0
SP500TR,2019-05-21,5720.08,5749.79,5720.08,5740.81,5740.81,0
SP500TR,2019-05-20,5695.72,5719.47,5674.45,5692.3,5692.3,0
SP500TR,2019-05-17,5729.02,5782.88,5720.39,5730.89,5730.89,0
SP500TR,2019-05-16,5722.85,5795.61,5722.85,5763.95,5763.95,0
SP500TR,2019-05-15,5650.22,5726.94,5639.98,5711.49,5711.49,0
SP500TR,2019-05-14,5648.58,5713.51,5648.58,5677.2,5677.2,0
SP500TR,2019-05-13,5688.14,5688.14,5610.61,5631.41,5631.41,0
SP500TR,2019-05-10,5733.79,5790.15,5658.44,5770.44,5770.44,0
SP500TR,2019-05-09,5725.31,5757.58,5678.41,5747.08,5747.08,0
SP500TR,2019-05-08,5762.87,5799.57,5750.27,5762.48,5762.48,0
SP500TR,2019-05-07,5829.57,5829.57,5728.76,5771.59,5771.59,0
SP500TR,2019-05-06,5821.25,5878.05,5799.89,5868.45,5868.45,0
SP500TR,2019-05-03,5861.43,5898.47,5861.43,5894.3,5894.3,0
SP500TR,2019-05-02,5846.76,5865.8,5803.53,5837.46,5837.46,0
SP500TR,2019-05-01,5906.87,5910.38,5849.3,5849.65,5849.65,0
SP500TR,2019-04-30,5876.44,5898.36,5850.66,5893.81,5893.81,0
SP500TR,2019-04-29,5883.16,5901,5880.73,5888.05,5888.05,0
SP500TR,2019-04-26,5853.33,5881.48,5837.01,5881.48,5881.48,0
SP500TR,2019-04-25,5859.5,5867.64,5827.25,5853.87,5853.87,0
SP500TR,2019-04-24,5869.54,5875.16,5853.64,5856.03,5856.03,0
SP500TR,2019-04-23,5821.5,5874.15,5818.7,5868.88,5868.88,0
SP500TR,2019-04-22,5798.77,5820.18,5793.99,5817.16,5817.16,0
SP500TR,2019-04-18,5810.68,5817.83,5784.85,5811.13,5811.13,0
SP500TR,2019-04-17,5833.01,5836.78,5791.83,5801.83,5801.83,0
SP500TR,2019-04-16,5824.87,5832.26,5801.89,5814.46,5814.46,0
SP500TR,2019-04-15,5816.99,5819.31,5793.47,5811.51,5811.51,0
SP500TR,2019-04-12,5801.93,5821.2,5797,5815.04,5815.04,0
SP500TR,2019-04-11,5783.48,5786.34,5763.73,5776.28,5776.28,0
SP500TR,2019-04-10,5762.31,5778.97,5757.89,5775.99,5775.99,0
SP500TR,2019-04-09,5772.25,5772.84,5746.02,5755.49,5755.49,0
SP500TR,2019-04-08,5774.25,5788.93,5758.95,5788.86,5788.86,0
SP500TR,2019-04-05,5765.53,5783.68,5763.31,5782.7,5782.7,0
SP500TR,2019-04-04,5745.17,5759.73,5731.56,5755.96,5755.96,0
SP500TR,2019-04-03,5748.05,5766.28,5726.23,5742.67,5742.67,0
SP500TR,2019-04-02,5732.35,5741.6,5713.49,5730.35,5730.35,0
SP500TR,2019-04-01,5692.95,5734.41,5692.95,5730.04,5730.04,0
SP500TR,2019-03-29,5652.21,5667.72,5634.22,5664.46,5664.46,0
SP500TR,2019-03-28,5614.25,5634.7,5593.05,5626.32,5626.32,0
SP500TR,2019-03-27,5633.98,5645.41,5570.09,5605.32,5605.32,0
SP500TR,2019-03-26,5619.82,5654.16,5602.51,5631.39,5631.39,0
SP500TR,2019-03-25,5586.53,5614.05,5564.66,5591.23,5591.23,0
SP500TR,2019-03-22,5683.02,5686.19,5595.04,5595.5,5595.5,0
SP500TR,2019-03-21,5633.04,5714.14,5628.68,5703.28,5703.28,0
SP500TR,2019-03-20,5655.95,5680.32,5618.27,5641.74,5641.74,0
SP500TR,2019-03-19,5674.51,5697.79,5639.62,5658.15,5658.15,0
SP500TR,2019-03-18,5638.1,5663.62,5636.9,5658.73,5658.73,0
SP500TR,2019-03-15,5614.42,5654.21,5614.42,5637.77,5637.77,0
SP500TR,2019-03-14,5613.38,5622.54,5599.75,5609.59,5609.59,0
SP500TR,2019-03-13,5590.31,5633.09,5590.31,5612.56,5612.56,0
SP500TR,2019-03-12,5565.09,5586.97,5556.77,5556.77,5556.77,0
SP500TR,2019-03-11,5485.52,5558.1,5485.52,5556.77,5556.77,0
SP500TR,2019-03-08,5451.87,5478.51,5435.03,5476.39,5476.39,0
SP500TR,2019-03-07,5522.69,5524,5468.03,5487.56,5487.56,0
SP500TR,2019-03-06,5568.91,5568.91,5525.91,5531.34,5531.34,0
SP500TR,2019-03-05,5576.9,5580.81,5554.08,5567.4,5567.4,0
SP500TR,2019-03-04,5616.57,5621.42,5523.4,5573.53,5573.53,0
SP500TR,2019-03-01,5584.19,5603.74,5562.56,5595.11,5595.11,0
SP500TR,2019-02-28,5563.72,5574.86,5552.55,5556.49,5556.49,0
SP500TR,2019-02-27,5560.83,5576.83,5536.16,5570.57,5570.57,0
SP500TR,2019-02-26,5569.68,5591.11,5564.1,5572.74,5572.74,0
SP500TR,2019-02-25,5593.52,5611.67,5574.86,5577.09,5577.09,0
SP500TR,2019-02-22,5545.53,5572.5,5543.2,5569.45,5569.45,0
SP500TR,2019-02-21,5544.48,5546.98,5513.27,5533.8,5533.8,0
SP500TR,2019-02-20,5541.64,5562.84,5531.8,5552.9,5552.9,0
SP500TR,2019-02-19,5521.09,5557.06,5517.29,5541.98,5541.98,0
SP500TR,2019-02-15,5502.66,5533.33,5502.66,5533.27,5533.27,0
SP500TR,2019-02-14,5468.88,5497.58,5444.44,5473.33,5473.33,0
SP500TR,2019-02-13,5480.52,5503.34,5477.19,5485.97,5485.97,0
SP500TR,2019-02-12,5424.9,5475.86,5424.9,5468.98,5468.98,0
SP500TR,2019-02-11,5404.17,5415.34,5387.02,5399,5399,0
SP500TR,2019-02-08,5364.2,5395.17,5343.24,5395.12,5395.12,0
SP500TR,2019-02-07,5412.54,5416.09,5352.25,5389.69,5389.69,0
SP500TR,2019-02-06,5446.64,5452.53,5425.4,5439.8,5439.8,0
SP500TR,2019-02-05,5432.75,5453.93,5424.24,5451.4,5451.4,0
SP500TR,2019-02-04,5389.2,5425.81,5373.87,5425.8,5425.8,0
SP500TR,2019-02-01,5380.81,5409.33,5370.24,5389.19,5389.19,0
SP500TR,2019-01-31,5346.59,5393.26,5333.17,5383.63,5383.63,0
SP500TR,2019-01-30,5282,5355.28,5271.66,5336.6,5336.6,0
SP500TR,2019-01-29,5264.02,5276.05,5236.49,5254.31,5254.31,0
SP500TR,2019-01-28,5264.13,5264.13,5222.73,5261.88,5261.88,0
SP500TR,2019-01-25,5288.93,5318.67,5288.86,5303.51,5303.51,0
SP500TR,2019-01-24,5251.74,5268.23,5228.21,5258.69,5258.69,0
SP500TR,2019-01-23,5260.8,5280.12,5200.02,5251.29,5251.29,0
SP500TR,2019-01-22,5289.45,5289.45,5208.68,5239.75,5239.75,0
SP500TR,2019-01-18,5276.1,5324.19,5269.01,5314.78,5314.78,0
SP500TR,2019-01-17,5192.39,5263.35,5186.58,5245.48,5245.48,0
SP500TR,2019-01-16,5202.76,5224.66,5199.05,5205.45,5205.45,0
SP500TR,2019-01-15,5143.65,5199.24,5143.65,5193.78,5193.78,0
SP500TR,2019-01-14,5134,5151.65,5114.46,5138.58,5138.58,0
SP500TR,2019-01-11,5148.93,5165.16,5127.66,5165.15,5165.15,0
SP500TR,2019-01-10,5119.89,5168.17,5097.19,5165.89,5165.89,0
SP500TR,2019-01-09,5132.77,5162.69,5111.32,5142.66,5142.66,0
SP500TR,2019-01-08,5107.52,5130.77,5066.64,5120.04,5120.04,0
SP500TR,2019-01-07,5042.77,5103.48,5020.83,5070.76,5070.76,0
SP500TR,2019-01-04,4920.88,5047.56,4920.88,5035.45,5035.45,0
SP500TR,2019-01-03,4955.83,4958.06,4860.86,4868.3,4868.3,0
SP500TR,2019-01-02,4924.81,5009.24,4906.15,4990.56,4990.56,0
SP500TR,2018-12-31,4968.5,4988.9,4936.58,4984.22,4984.22,0
SP500TR,2018-12-28,4967.52,5010.16,4916.64,4941.61,4941.61,0
SP500TR,2018-12-27,4854.87,4946.94,4766.39,4946.94,4946.94,0
SP500TR,2018-12-26,4696.63,4904.61,4664.09,4904.49,4904.49,0
SP500TR,2018-12-24,4770.95,4790,4672.66,4672.66,4672.66,0
SP500TR,2018-12-21,4899.41,4976.56,4787.04,4802.51,4802.51,0
SP500TR,2018-12-20,4961.79,4987.34,4851.58,4903.46,4903.46,0
SP500TR,2018-12-19,5061.59,5134.03,4946.93,4981.92,4981.92,0
SP500TR,2018-12-18,5086.65,5114.41,5025.16,5059.34,5059.34,0
SP500TR,2018-12-17,5147.6,5168.14,5028.39,5058.58,5058.58,0
SP500TR,2018-12-14,5224.65,5234.82,5153.63,5165.6,5165.6,0
SP500TR,2018-12-13,5281.68,5304.19,5239.12,5265.46,5265.46,0
SP500TR,2018-12-12,5279.75,5333.79,5264.03,5265.53,5265.53,0
SP500TR,2018-12-11,5292.03,5311.68,5206.46,5237.1,5237.1,0
SP500TR,2018-12-10,5225.06,5257.92,5131.85,5238.7,5238.7,0
SP500TR,2018-12-07,5344.97,5379.12,5210.25,5229.44,5229.44,0
SP500TR,2018-12-06,5289.04,5353.48,5205.72,5353.43,5353.43,0
SP500TR,2018-12-04,5523.41,5530.26,5354.29,5359.91,5359.91,0
SP500TR,2018-12-03,5539.12,5558.16,5505.18,5538.86,5538.86,0
SP500TR,2018-11-30,5434.43,5480.24,5424.72,5478.91,5478.91,0
SP500TR,2018-11-29,5431.92,5465.18,5404.25,5433.49,5433.49,0
SP500TR,2018-11-28,5340.29,5444.36,5326.27,5444.12,5444.12,0
SP500TR,2018-11-27,5284.99,5322.23,5270.81,5321.52,5321.52,0
SP500TR,2018-11-26,5257.59,5305.92,5257.59,5304.17,5304.17,0
SP500TR,2018-11-23,5224.01,5252.07,5219.62,5222.43,5222.43,0
SP500TR,2018-11-21,5272.12,5297.57,5256.6,5256.61,5256.61,0
SP500TR,2018-11-20,5265.45,5294.63,5219.67,5240.23,5240.23,0
SP500TR,2018-11-19,5416.05,5420.86,5317.69,5336.7,5336.7,0
SP500TR,2018-11-16,5391.7,5447.32,5379.34,5426.86,5426.86,0
SP500TR,2018-11-15,5341.69,5424.55,5297.58,5414.43,5414.43,0
SP500TR,2018-11-14,5427.93,5445.51,5324.62,5355.94,5355.94,0
SP500TR,2018-11-13,5410.96,5459.57,5381.32,5395.37,5395.37,0
SP500TR,2018-11-12,5497.75,5501.69,5394.82,5403.19,5403.19,0
SP500TR,2018-11-09,5537.73,5537.73,5478.63,5511.79,5511.79,0
SP500TR,2018-11-08,5561.11,5577.68,5538.73,5562,5562,0
SP500TR,2018-11-07,5494.3,5575.39,5494.3,5573.06,5573.06,0
SP500TR,2018-11-06,5423.49,5459.57,5421.24,5457.25,5457.25,0
SP500TR,2018-11-05,5399.24,5434.34,5382.88,5422.88,5422.88,0
SP500TR,2018-11-02,5436.88,5458.81,5347.75,5392.53,5392.53,0
SP500TR,2018-11-01,5381.2,5428.73,5364.14,5426.33,5426.33,0
SP500TR,2018-10-31,5357.32,5418.85,5357.32,5369.49,5369.49,0
SP500TR,2018-10-30,5228.62,5317.05,5218.09,5311.67,5311.67,0
SP500TR,2018-10-29,5311.26,5359.17,5155.62,5229.28,5229.28,0
SP500TR,2018-10-26,5281.91,5330.45,5203.5,5263.74,5263.74,0
SP500TR,2018-10-25,5295.79,5390.37,5281.96,5356.54,5356.54,0
SP500TR,2018-10-24,5420.5,5429.84,5251.23,5258.61,5258.61,0
SP500TR,2018-10-23,5387.16,5451.4,5328.71,5426.08,5426.08,0
SP500TR,2018-10-22,5491.63,5501.53,5442.69,5455.88,5455.88,0
SP500TR,2018-10-19,5494.9,5538.55,5464.52,5479.3,5479.3,0
SP500TR,2018-10-18,5546.87,5554.72,5454.32,5481.13,5481.13,0
SP500TR,2018-10-17,5565.49,5575.69,5506.39,5560.62,5560.62,0
SP500TR,2018-10-16,5476.96,5568.82,5476.74,5561.8,5561.8,0
SP500TR,2018-10-15,5470.43,5494.39,5441.55,5444.61,5444.61,0
SP500TR,2018-10-12,5483.59,5493.91,5402.36,5476.83,5476.83,0
SP500TR,2018-10-11,5495.53,5531.63,5364.29,5399.54,5399.54,0
SP500TR,2018-10-10,5687.52,5687.52,5511.85,5512.94,5512.94,0
SP500TR,2018-10-09,5704.53,5728.65,5688.31,5700.23,5700.23,0
SP500TR,2018-10-08,5693.01,5716.58,5662.44,5706.66,5706.66,0
SP500TR,2018-10-05,5742.48,5756.52,5676.81,5708.9,5708.9,0
SP500TR,2018-10-04,5775.65,5776.5,5705.57,5740.56,5740.56,0
SP500TR,2018-10-03,5798.71,5814.82,5778.28,5786.48,5786.48,0
SP500TR,2018-10-02,5783.09,5798.14,5774.36,5782.37,5782.37,0
SP500TR,2018-10-01,5787.81,5809.04,5771.24,5784.45,5784.45,0
SP500TR,2018-09-28,5755.61,5776.38,5750.62,5763.42,5763.42,0
SP500TR,2018-09-27,5758.58,5789.31,5753.96,5763.22,5763.22,0
SP500TR,2018-09-26,5768.05,5795.82,5741.88,5746.27,5746.27,0
SP500TR,2018-09-25,5777.47,5781.58,5761.68,5765.25,5765.25,0
SP500TR,2018-09-24,5777.22,5781.03,5759.33,5772.36,5772.36,0
SP500TR,2018-09-21,5806.75,5814.95,5787.81,5792.72,5792.72,0
SP500TR,2018-09-20,5772.95,5802.71,5772.95,5794.72,5794.72,0
SP500TR,2018-09-19,5746.73,5758.02,5741.31,5749.39,5749.39,0
SP500TR,2018-09-18,5715.36,5755.69,5715.36,5742.18,5742.18,0
SP500TR,2018-09-17,5741.02,5742.62,5706.11,5711.29,5711.29,0
SP500TR,2018-09-14,5745.97,5749.74,5725,5743.19,5743.19,0
SP500TR,2018-09-13,5726.27,5745.84,5725.4,5740.75,5740.75,0
SP500TR,2018-09-12,5707.83,5720.35,5689.99,5709.08,5709.08,0
SP500TR,2018-09-11,5674.73,5716.09,5665.29,5706.99,5706.99,0
SP500TR,2018-09-10,5693.77,5704.52,5683.02,5685.34,5685.34,0
SP500TR,2018-09-07,5667.81,5698.52,5660.05,5674.58,5674.58,0
SP500TR,2018-09-06,5707.62,5714.2,5665.49,5686.7,5686.7,0
SP500TR,2018-09-05,5711.76,5716.91,5682.85,5705.86,5705.86,0
SP500TR,2018-09-04,5722.32,5728.56,5699.06,5721.86,5721.86,0
SP500TR,2018-08-31,5724.59,5740.29,5711.52,5730.8,5730.8,0
SP500TR,2018-08-30,5744.87,5751.73,5717.84,5729.45,5729.45,0
SP500TR,2018-08-29,5727.49,5758.84,5723.11,5754,5754,0
SP500TR,2018-08-28,5728.63,5733.18,5713,5720.89,5720.89,0
SP500TR,2018-08-27,5695.52,5722.27,5695.52,5719.3,5719.3,0
SP500TR,2018-08-24,5650.75,5678.01,5650.75,5675.12,5675.12,0
SP500TR,2018-08-23,5646.64,5663.4,5634.53,5640.1,5640.1,0
SP500TR,2018-08-22,5647.66,5660.57,5638.03,5649.31,5649.31,0
SP500TR,2018-08-21,5648.54,5671.5,5648.16,5651.39,5651.39,0
SP500TR,2018-08-20,5633.36,5644.88,5626.89,5639.53,5639.53,0
SP500TR,2018-08-17,5602.35,5636.41,5593.28,5625.66,5625.66,0
SP500TR,2018-08-16,5588.31,5625.9,5588.31,5606.56,5606.56,0
SP500TR,2018-08-15,5579.74,5579.74,5529.67,5560.85,5560.85,0
SP500TR,2018-08-14,5578.6,5608.62,5576.08,5602.41,5602.41,0
SP500TR,2018-08-13,5593.06,5608.69,5562.37,5566.36,5566.36,0
SP500TR,2018-08-10,5601.18,5606.21,5574,5588.66,5588.66,0
SP500TR,2018-08-09,5634.11,5644.42,5623.87,5627,5627,0
SP500TR,2018-08-08,5631.87,5642.99,5624.65,5633.67,5633.67,0
SP500TR,2018-08-07,5629.98,5644.68,5629.98,5634.98,5634.98,0
SP500TR,2018-08-06,5599.14,5624.71,5590.78,5619.05,5619.05,0
SP500TR,2018-08-03,5577.55,5598.77,5573.17,5598.71,5598.71,0
SP500TR,2018-08-02,5519.39,5577.39,5511.3,5572.08,5572.08,0
SP500TR,2018-08-01,5559.58,5568.66,5529.39,5544.19,5544.19,0
SP500TR,2018-07-31,5537.04,5566.01,5533.75,5549.96,5549.96,0
SP500TR,2018-07-30,5555.11,5560.38,5513.96,5522.81,5522.81,0
SP500TR,2018-07-27,5600.68,5602.3,5533.95,5554.31,5554.31,0
SP500TR,2018-07-26,5587.15,5606.97,5587,5590.99,5590.99,0
SP500TR,2018-07-25,5552.16,5611.49,5552.16,5607.99,5607.99,0
SP500TR,2018-07-24,5557.92,5576.22,5539.09,5557.37,5557.37,0
SP500TR,2018-07-23,5515.26,5533.8,5507.5,5530.66,5530.66,0
SP500TR,2018-07-20,5525.86,5535.94,5516.95,5520.5,5520.5,0
SP500TR,2018-07-19,5535.12,5540.41,5516.22,5525.51,5525.51,0
SP500TR,2018-07-18,5538.46,5549,5527.75,5546.86,5546.86,0
SP500TR,2018-07-17,5495.09,5544.05,5495.09,5534.91,5534.91,0
SP500TR,2018-07-16,5518.81,5523.07,5503.01,5512.92,5512.92,0
SP500TR,2018-07-13,5509.7,5524.64,5499.38,5518.33,5518.33,0
SP500TR,2018-07-12,5482.53,5513.97,5479.41,5512.36,5512.36,0
SP500TR,2018-07-11,5475.43,5487.41,5457.64,5464.01,5464.01,0
SP500TR,2018-07-10,5492.65,5506.46,5488.2,5503.05,5503.05,0
SP500TR,2018-07-09,5453.05,5484.83,5453.05,5483.89,5483.89,0
SP500TR,2018-07-06,5390.75,5443.39,5382.57,5434.36,5434.36,0
SP500TR,2018-07-05,5363.82,5390.67,5347.85,5388.28,5388.28,0
SP500TR,2018-07-03,5380.4,5386.93,5336.89,5340.93,5340.93,0
SP500TR,2018-07-02,5324.65,5368.57,5312.84,5367.49,5367.49,0
SP500TR,2018-06-29,5368.07,5399.8,5350.83,5350.83,5350.83,0
SP500TR,2018-06-28,5311.76,5362.24,5298.65,5346.44,5346.44,0
SP500TR,2018-06-27,5369.62,5404.33,5312.89,5312.89,5312.89,0
SP500TR,2018-06-26,5357.15,5378.4,5344.37,5359.01,5359.01,0
SP500TR,2018-06-25,5398.14,5398.14,5311.06,5347.23,5347.23,0
SP500TR,2018-06-22,5433.26,5439.85,5418.11,5421.63,5421.63,0
SP500TR,2018-06-21,5449.82,5449.82,5400.86,5411.4,5411.4,0
SP500TR,2018-06-20,5450.17,5460.21,5438.79,5445.43,5445.43,0
SP500TR,2018-06-19,5415.3,5440.5,5397.94,5436.13,5436.13,0
SP500TR,2018-06-18,5442.18,5460.14,5425.22,5457.83,5457.83,0
SP500TR,2018-06-15,5465.66,5475.56,5434.48,5469.37,5469.37,0
SP500TR,2018-06-14,5475.79,5487.29,5462.63,5474.37,5474.37,0
SP500TR,2018-06-13,5483.42,5490.37,5457.99,5459.21,5459.21,0
SP500TR,2018-06-12,5478.6,5486.84,5465.22,5481.07,5481.07,0
SP500TR,2018-06-11,5467.7,5487.42,5467.7,5471.29,5471.29,0
SP500TR,2018-06-08,5439.48,5465.83,5435.24,5465.42,5465.42,0
SP500TR,2018-06-07,5456.97,5466.78,5428.13,5448.18,5448.18,0
SP500TR,2018-06-06,5413.54,5451.09,5404.19,5451.09,5451.09,0
SP500TR,2018-06-05,5403.97,5412.12,5386.41,5404.62,5404.62,0
SP500TR,2018-06-04,5390.28,5404.92,5388.19,5400.5,5400.5,0
SP500TR,2018-06-01,5344.99,5380.84,5344.99,5376.29,5376.29,0
SP500TR,2018-05-31,5348.97,5351.83,5309.18,5318.1,5318.1,0
SP500TR,2018-05-30,5311.36,5364.21,5311.36,5353.76,5353.76,0
SP500TR,2018-05-29,5315.67,5326.56,5260.06,5285.7,5285.7,0
SP500TR,2018-05-25,5351.78,5358.98,5334.93,5347.31,5347.31,0
SP500TR,2018-05-24,5365.57,5367.41,5319.29,5359.32,5359.32,0
SP500TR,2018-05-23,5332.04,5369.99,5323.34,5369.99,5369.99,0
SP500TR,2018-05-22,5379.74,5387.38,5347.41,5352.45,5352.45,0
SP500TR,2018-05-21,5355.32,5381.26,5354.85,5369.19,5369.19,0
SP500TR,2018-05-18,5338.26,5342.48,5322.36,5329.66,5329.66,0
SP500TR,2018-05-17,5342.47,5366.53,5326.08,5343.29,5343.29,0
SP500TR,2018-05-16,5327.01,5356.7,5327.01,5346.33,5346.33,0
SP500TR,2018-05-15,5337.26,5337.26,5304.7,5323.23,5323.23,0
SP500TR,2018-05-14,5366.02,5383.13,5350.61,5359.66,5359.66,0
SP500TR,2018-05-11,5344.85,5364.78,5334.73,5354.69,5354.69,0
SP500TR,2018-05-10,5308.29,5349.68,5307.36,5343.7,5343.7,0
SP500TR,2018-05-09,5254.3,5299.7,5246.53,5292.9,5292.9,0
SP500TR,2018-05-08,5238.27,5249.92,5208.8,5241.53,5241.53,0
SP500TR,2018-05-07,5236.45,5263.69,5227.38,5242.87,5242.87,0
SP500TR,2018-05-04,5142.39,5239.31,5130.46,5224.71,5224.71,0
SP500TR,2018-05-03,5154.46,5172.15,5089.09,5157.7,5157.7,0
SP500TR,2018-05-02,5205.21,5218.19,5161.28,5168.79,5168.79,0
SP500TR,2018-05-01,5184.42,5207.05,5148.74,5206.31,5206.31,0
SP500TR,2018-04-30,5245.99,5261.31,5193.03,5193.04,5193.04,0
SP500TR,2018-04-27,5246.63,5250.08,5214.4,5235.73,5235.73,0
SP500TR,2018-04-26,5199.62,5248.29,5190.87,5229.61,5229.61,0
SP500TR,2018-04-25,5166.81,5187.04,5123.32,5175.59,5175.59,0
SP500TR,2018-04-24,5256.77,5262.02,5132.6,5166.1,5166.1,0
SP500TR,2018-04-23,5246.05,5260.69,5211.98,5236.04,5236.04,0
SP500TR,2018-04-20,5279.7,5282.39,5217.06,5235.75,5235.75,0
SP500TR,2018-04-19,5296.31,5299.5,5258.6,5280.57,5280.57,0
SP500TR,2018-04-18,5313.2,5327.62,5300.72,5310.32,5310.32,0
SP500TR,2018-04-17,5279.15,5319.54,5278.07,5305.9,5305.9,0
SP500TR,2018-04-16,5234.76,5266.89,5225.12,5249.94,5249.94,0
SP500TR,2018-04-13,5247.96,5254.32,5185.88,5207.57,5207.57,0
SP500TR,2018-04-12,5202.62,5243.58,5202.62,5222.55,5222.55,0
SP500TR,2018-04-11,5182.51,5216.85,5173.49,5179.19,5179.19,0
SP500TR,2018-04-10,5171.55,5224.51,5166.4,5207.73,5207.73,0
SP500TR,2018-04-09,5129.77,5200.99,5117.26,5121.9,5121.9,0
SP500TR,2018-04-06,5184.38,5205.93,5068.23,5103.35,5103.35,0
SP500TR,2018-04-05,5206.89,5235.73,5191.85,5217.62,5217.62,0
SP500TR,2018-04-04,5062.5,5191.31,5042.42,5181.31,5181.31,0
SP500TR,2018-04-03,5078.06,5130.84,5045.56,5121.7,5121.7,0
SP500TR,2018-04-02,5158.7,5168.21,5002.71,5057.69,5057.69,0
SP500TR,2018-03-29,5121.37,5208.86,5112.36,5173.19,5173.19,0
SP500TR,2018-03-28,5115.02,5156.83,5079.52,5102.69,5102.69,0
SP500TR,2018-03-27,5224.37,5238.24,5084.42,5116.75,5116.75,0
SP500TR,2018-03-26,5129.92,5212.15,5095.89,5206.69,5206.69,0
SP500TR,2018-03-23,5183.49,5204.9,5064.43,5069.03,5069.03,0
SP500TR,2018-03-22,5270.87,5278.83,5173.56,5177.52,5177.52,0
SP500TR,2018-03-21,5316.95,5364.13,5306.85,5310.96,5310.96,0
SP500TR,2018-03-20,5316.49,5334.36,5306.79,5320.2,5320.2,0
SP500TR,2018-03-19,5367.96,5367.96,5276.47,5312.23,5312.23,0
SP500TR,2018-03-16,5385.91,5407.9,5384.76,5388.74,5388.74,0
SP500TR,2018-03-15,5392.99,5410.06,5367.91,5379.39,5379.39,0
SP500TR,2018-03-14,5431.38,5437.1,5373.5,5383.27,5383.27,0
SP500TR,2018-03-13,5465.61,5484.36,5399.78,5412.75,5412.75,0
SP500TR,2018-03-12,5461.82,5474.43,5439.8,5447.1,5447.1,0
SP500TR,2018-03-09,5388.16,5454.03,5385.81,5454.03,5454.03,0
SP500TR,2018-03-08,5348.57,5363.63,5328.99,5360.73,5360.73,0
SP500TR,2018-03-07,5302.95,5342.87,5286.52,5335.47,5335.47,0
SP500TR,2018-03-06,5341.72,5345.44,5304.7,5337.69,5337.69,0
SP500TR,2018-03-05,5245.34,5337.24,5235.09,5323.36,5323.36,0
SP500TR,2018-03-02,5201.94,5275.02,5179.29,5265.24,5265.24,0
SP500TR,2018-03-01,5311.62,5341.87,5202.94,5238.18,5238.18,0
SP500TR,2018-02-28,5386.21,5401.07,5307.51,5308.09,5308.09,0
SP500TR,2018-02-27,5437.81,5454.77,5366.96,5367.09,5367.09,0
SP500TR,2018-02-26,5391.92,5437.42,5384.9,5435.38,5435.38,0
SP500TR,2018-02-23,5309.99,5372.18,5305.95,5371.56,5371.56,0
SP500TR,2018-02-22,5299.12,5339.66,5274.4,5286.49,5286.49,0
SP500TR,2018-02-21,5318.45,5371,5280.89,5280.91,5280.91,0
SP500TR,2018-02-20,5323.15,5351.72,5291.44,5309.99,5309.99,0
SP500TR,2018-02-16,5330.89,5384.22,5326.98,5340.82,5340.82,0
SP500TR,2018-02-15,5303.68,5338.74,5258.12,5338.35,5338.35,0
SP500TR,2018-02-14,5180.78,5279.9,5176.31,5273.43,5273.43,0
SP500TR,2018-02-13,5169.66,5213.66,5152.45,5202.22,5202.22,0
SP500TR,2018-02-12,5150.78,5220.64,5122.86,5188.37,5188.37,0
SP500TR,2018-02-09,5082.3,5153.96,4947.99,5116.99,5116.99,0
SP500TR,2018-02-08,5243.12,5243.12,5039.73,5040.06,5040.06,0
SP500TR,2018-02-07,5253.97,5325.66,5235.19,5235.84,5235.84,0
SP500TR,2018-02-06,5105.13,5273.53,5063.24,5262.02,5262.02,0
SP500TR,2018-02-05,5351.1,5394.7,5150.68,5171.26,5171.26,0
SP500TR,2018-02-02,5483.56,5483.56,5388.35,5392.21,5392.21,0
SP500TR,2018-02-01,5497.92,5535.85,5490.89,5508.7,5508.7,0
SP500TR,2018-01-31,5528,5541.33,5490.2,5511.21,5511.21,0
SP500TR,2018-01-30,5528.46,5538.17,5500.48,5508.36,5508.36,0
SP500TR,2018-01-29,5595.4,5601.75,5564.95,5568.67,5568.67,0
SP500TR,2018-01-26,5556.55,5606.08,5554.13,5606.08,5606.08,0
SP500TR,2018-01-25,5554.02,5558.45,5524.7,5540.38,5540.38,0
SP500TR,2018-01-24,5552.41,5567.09,5512.18,5537.03,5537.03,0
SP500TR,2018-01-23,5532.17,5546.18,5524.01,5540.13,5540.13,0
SP500TR,2018-01-22,5481.42,5528,5479.4,5527.89,5527.89,0
SP500TR,2018-01-19,5468.55,5483.62,5459.84,5483.57,5483.57,0
SP500TR,2018-01-18,5468.02,5474.71,5448.89,5459.5,5459.5,0
SP500TR,2018-01-17,5433.57,5476.58,5420.77,5467.85,5467.85,0
SP500TR,2018-01-16,5460.83,5477.43,5402.12,5416.86,5416.86,0
SP500TR,2018-01-12,5404.58,5439.05,5403.79,5435.92,5435.92,0
SP500TR,2018-01-11,5371.01,5399.46,5370.71,5399.46,5399.46,0
SP500TR,2018-01-10,5356.12,5366.23,5337.66,5361.33,5361.33,0
SP500TR,2018-01-09,5367,5382.58,5360.58,5367.26,5367.26,0
SP500TR,2018-01-08,5348.85,5360.24,5338.95,5358.68,5358.68,0
SP500TR,2018-01-05,5326.64,5350.24,5320.07,5349.69,5349.69,0
SP500TR,2018-01-04,5303.21,5322.58,5302.78,5312.33,5312.33,0
SP500TR,2018-01-03,5260.27,5292.48,5260.19,5289.92,5289.92,0
SP500TR,2018-01-02,5232.72,5256.4,5230.06,5256.28,5256.28,0
SP500TR,2017-12-29,5243.06,5248.86,5212.76,5212.76,5212.76,0
SP500TR,2017-12-28,5236.79,5239.77,5230.16,5239.59,5239.59,0
SP500TR,2017-12-27,5228.01,5234.88,5221.78,5229.01,5229.01,0
SP500TR,2017-12-26,5221.75,5228.84,5219.61,5224.51,5224.51,0
SP500TR,2017-12-22,5231.52,5233.69,5219.69,5229.79,5229.79,0
SP500TR,2017-12-21,5229.14,5247.85,5227.93,5232.16,5232.16,0
SP500TR,2017-12-20,5239.2,5244.67,5215.85,5221.79,5221.79,0
SP500TR,2017-12-19,5247.33,5250.62,5224.05,5225.43,5225.43,0
SP500TR,2017-12-18,5234.03,5251.39,5234.03,5242.28,5242.28,0
SP500TR,2017-12-15,5184.53,5221.56,5182.64,5214.1,5214.1,0
SP500TR,2017-12-14,5194.44,5198.71,5167.45,5167.45,5167.45,0
SP500TR,2017-12-13,5196.93,5205.29,5187.68,5187.68,5187.68,0
SP500TR,2017-12-12,5185.34,5200.9,5181.54,5189.96,5189.96,0
SP500TR,2017-12-11,5166.56,5182.43,5165.17,5181.75,5181.75,0
SP500TR,2017-12-08,5154.88,5165.46,5150.84,5165.19,5165.19,0
SP500TR,2017-12-07,5119.64,5144.16,5116.73,5136.37,5136.37,0
SP500TR,2017-12-06,5114.56,5130.26,5111.82,5120.46,5120.46,0
SP500TR,2017-12-05,5140.79,5158.06,5117.37,5120.92,5120.92,0
SP500TR,2017-12-04,5174.49,5190.07,5139.13,5139.91,5139.91,0
SP500TR,2017-12-01,5150.83,5161.53,5074.14,5145.21,5145.21,0
SP500TR,2017-11-30,5128.87,5174.64,5128.87,5155.44,5155.44,0
SP500TR,2017-11-29,5115.1,5128.79,5100.53,5111.68,5111.68,0
SP500TR,2017-11-28,5071.85,5114.14,5070.88,5112.91,5112.91,0
SP500TR,2017-11-27,5065.25,5072.42,5057.91,5062.85,5062.85,0
SP500TR,2017-11-24,5060.33,5067.7,5060.33,5064.23,5064.23,0
SP500TR,2017-11-22,5059.88,5060.97,5050.05,5053.6,5053.6,0
SP500TR,2017-11-21,5037.76,5061.16,5037.76,5056.95,5056.95,0
SP500TR,2017-11-20,5018.86,5028.66,5016.42,5024.01,5024.01,0
SP500TR,2017-11-17,5025.41,5027.38,5015.05,5017.45,5017.45,0
SP500TR,2017-11-16,5005.78,5039.1,5005.78,5030.48,5030.48,0
SP500TR,2017-11-15,4997.35,5003.89,4974.38,4987.96,4987.96,0
SP500TR,2017-11-14,5012.35,5016.06,4990.62,5014.53,5014.53,0
SP500TR,2017-11-13,5009.18,5030.82,5005.27,5025.36,5025.36,0
SP500TR,2017-11-10,5016.19,5023.23,5007.41,5020.31,5020.31,0
SP500TR,2017-11-09,5021.8,5026.55,4987.46,5023.01,5023.01,0
SP500TR,2017-11-08,5029.73,5042.86,5022.66,5040.74,5040.74,0
SP500TR,2017-11-07,5036.23,5045.78,5021.23,5033.38,5033.38,0
SP500TR,2017-11-06,5027.2,5038.66,5023.83,5034.3,5034.3,0
SP500TR,2017-11-03,5016.01,5028.62,5005.99,5027.49,5027.49,0
SP500TR,2017-11-02,5010.71,5013.93,4985.05,5011.48,5011.48,0
SP500TR,2017-11-01,5017.47,5027.48,5001.41,5009.99,5009.99,0
SP500TR,2017-10-31,5003.44,5007.91,4995.98,5002.03,5002.03,0
SP500TR,2017-10-30,5006.7,5011.1,4988.29,4997.15,4997.15,0
SP500TR,2017-10-27,4991.77,5016.43,4983.41,5012.75,5012.75,0
SP500TR,2017-10-26,4971.97,4985.49,4971.44,4972.6,4972.6,0
SP500TR,2017-10-25,4984.49,4986.16,4940.76,4966.29,4966.29,0
SP500TR,2017-10-24,4988.65,4995.47,4982.72,4989.56,4989.56,0
SP500TR,2017-10-23,5006.8,5006.8,4980.13,4981.37,4981.37,0
SP500TR,2017-10-20,4986.26,5001.56,4986.26,5001.11,5001.11,0
SP500TR,2017-10-19,4958.4,4975.81,4947.89,4975.32,4975.32,0
SP500TR,2017-10-18,4976.39,4978.72,4970.2,4973.28,4973.28,0
SP500TR,2017-10-17,4965.14,4969.99,4960.48,4969.38,4969.38,0
SP500TR,2017-10-16,4962.03,4969.53,4956.38,4966.05,4966.05,0
SP500TR,2017-10-13,4962.1,4965.92,4955.17,4957.27,4957.27,0
SP500TR,2017-10-12,4956.63,4961.37,4947.77,4952.85,4952.85,0
SP500TR,2017-10-11,4951.82,4960.79,4946.65,4960.79,4960.79,0
SP500TR,2017-10-10,4950.5,4960.67,4940.58,4951.77,4951.77,0
SP500TR,2017-10-09,4953.09,4953.85,4934.12,4940.16,4940.16,0
SP500TR,2017-10-06,4945.42,4949.25,4938.44,4949.09,4949.09,0
SP500TR,2017-10-05,4931.1,4953.65,4929.49,4952.85,4952.85,0
SP500TR,2017-10-04,4915.93,4929.55,4912.73,4924.19,4924.19,0
SP500TR,2017-10-03,4909.5,4918.77,4906.64,4917.73,4917.73,0
SP500TR,2017-10-02,4891.56,4907.13,4890.03,4906.92,4906.92,0
SP500TR,2017-09-29,4869.73,4888,4866.04,4887.97,4887.97,0
SP500TR,2017-09-28,4856.9,4871.25,4855.96,4869.81,4869.81,0
SP500TR,2017-09-27,4855.67,4871.92,4841.39,4862.93,4862.93,0
SP500TR,2017-09-26,4851.28,4856.03,4839.94,4843.14,4843.14,0
SP500TR,2017-09-25,4847.71,4853.8,4825.66,4842.41,4842.41,0
SP500TR,2017-09-22,4843.58,4855.61,4842.81,4853.2,4853.2,0
SP500TR,2017-09-21,4862.66,4862.66,4846.93,4849.95,4849.95,0
SP500TR,2017-09-20,4861.89,4865.8,4842.19,4864.61,4864.61,0
SP500TR,2017-09-19,4860.83,4863.84,4854.94,4861.52,4861.52,0
SP500TR,2017-09-18,4853.44,4864.55,4848.42,4856.08,4856.08,0
SP500TR,2017-09-15,4840,4848.84,4835.2,4848.84,4848.84,0
SP500TR,2017-09-14,4837.23,4844.73,4831.16,4839.29,4839.29,0
SP500TR,2017-09-13,4834.35,4843.05,4830.97,4843.04,4843.04,0
SP500TR,2017-09-12,4830.5,4839.86,4827.46,4839.31,4839.31,0
SP500TR,2017-09-11,4796.46,4824.43,4796.46,4822.8,4822.8,0
SP500TR,2017-09-08,4772.61,4782.03,4767.14,4771.02,4771.02,0
SP500TR,2017-09-07,4783.66,4784.75,4768.62,4777.93,4777.93,0
SP500TR,2017-09-06,4774.38,4785.63,4765.51,4777.69,4777.69,0
SP500TR,2017-09-05,4786.97,4790.1,4741.05,4762.75,4762.75,0
SP500TR,2017-09-01,4794.86,4806.41,4793.83,4798.99,4798.99,0
SP500TR,2017-08-31,4771.73,4795.61,4771.73,4789.18,4789.18,0
SP500TR,2017-08-30,4739.4,4766.98,4734.96,4761.72,4761.72,0
SP500TR,2017-08-29,4710.82,4744.17,4703.58,4738.62,4738.62,0
SP500TR,2017-08-28,4740,4743.41,4723.89,4733.97,4733.97,0
SP500TR,2017-08-25,4734.71,4752.41,4729.88,4731.46,4731.46,0
SP500TR,2017-08-24,4740.34,4745.09,4717.65,4723.03,4723.03,0
SP500TR,2017-08-23,4734.37,4742.17,4727.68,4732.76,4732.76,0
SP500TR,2017-08-22,4712.41,4753.11,4712.41,4748.73,4748.73,0
SP500TR,2017-08-21,4696.27,4706.1,4680.53,4701.82,4701.82,0
SP500TR,2017-08-18,4700.26,4724.58,4686.84,4696.22,4696.22,0
SP500TR,2017-08-17,4768.51,4772.51,4704.73,4704.73,4704.73,0
SP500TR,2017-08-16,4779.28,4791.4,4770.19,4778.28,4778.28,0
SP500TR,2017-08-15,4777.98,4778.45,4764.35,4770.15,4770.15,0
SP500TR,2017-08-14,4750.38,4776.04,4750.38,4771.43,4771.43,0
SP500TR,2017-08-11,4723.19,4736.79,4717.12,4723.73,4723.73,0
SP500TR,2017-08-10,4769.96,4769.96,4716.63,4717.4,4717.4,0
SP500TR,2017-08-09,4768.17,4785.59,4761.88,4784.94,4784.94,0
SP500TR,2017-08-08,4792.76,4816.97,4777.26,4786.12,4786.12,0
SP500TR,2017-08-07,4789.84,4797.15,4787.42,4797.13,4797.13,0
SP500TR,2017-08-04,4789.21,4795.2,4779.95,4789.11,4789.11,0
SP500TR,2017-08-03,4787.48,4787.48,4773.62,4779.99,4779.99,0
SP500TR,2017-08-02,4794.98,4794.98,4768.28,4789.54,4789.54,0
SP500TR,2017-08-01,4787.73,4790.45,4776.21,4786.27,4786.27,0
SP500TR,2017-07-31,4785.46,4789.36,4771.2,4774.56,4774.56,0
SP500TR,2017-07-28,4772.25,4780.78,4763.74,4778.02,4778.02,0
SP500TR,2017-07-27,4798.44,4800.75,4755.37,4784.26,4784.26,0
SP500TR,2017-07-26,4792.55,4795.1,4782.83,4788.41,4788.41,0
SP500TR,2017-07-25,4788.5,4795,4782.77,4787.04,4787.04,0
SP500TR,2017-07-24,4777.21,4779.27,4766.2,4773.1,4773.1,0
SP500TR,2017-07-21,4768.15,4778.08,4763.64,4778.07,4778.07,0
SP500TR,2017-07-20,4783.92,4787.77,4770.32,4779.84,4779.84,0
SP500TR,2017-07-19,4760.97,4780.25,4760.97,4780.25,4780.25,0
SP500TR,2017-07-18,4745.14,4754.84,4734.53,4754.27,4754.27,0
SP500TR,2017-07-17,4752.02,4758.42,4747.56,4751.33,4751.33,0
SP500TR,2017-07-14,4731.9,4759.55,4727.38,4751.43,4751.43,0
SP500TR,2017-07-13,4723.75,4732.09,4717.41,4729.25,4729.25,0
SP500TR,2017-07-12,4705.79,4725.13,4705.79,4720.28,4720.28,0
SP500TR,2017-07-11,4689.17,4692.93,4661.14,4685.64,4685.64,0
SP500TR,2017-07-10,4683.59,4698.06,4679.5,4689.25,4689.25,0
SP500TR,2017-07-07,4662.36,4688.22,4662.36,4684.88,4684.88,0
SP500TR,2017-07-06,4681.46,4682.99,4651.21,4655.02,4655.02,0
SP500TR,2017-07-05,4693.94,4701.9,4677.31,4697.34,4697.34,0
SP500TR,2017-07-03,4694.19,4709.16,4688.99,4689.61,4689.61,0
SP500TR,2017-06-30,4689.55,4696.22,4674.97,4678.36,4678.36,0
SP500TR,2017-06-29,4714.75,4715.41,4644.07,4670.96,4670.96,0
SP500TR,2017-06-28,4688.19,4715.72,4687.01,4711.33,4711.33,0
SP500TR,2017-06-27,4702,4709.19,4669.27,4669.27,4669.27,0
SP500TR,2017-06-26,4715.47,4729.16,4703.34,4707.27,4707.27,0
SP500TR,2017-06-23,4698.69,4711.71,4691.92,4705.73,4705.73,0
SP500TR,2017-06-22,4704.01,4712.14,4696.07,4698.4,4698.4,0
SP500TR,2017-06-21,4707.64,4713.17,4691.1,4700.5,4700.5,0
SP500TR,2017-06-20,4729.13,4729.13,4702,4702.82,4702.82,0
SP500TR,2017-06-19,4713.43,4735.11,4712.08,4734.48,4734.48,0
SP500TR,2017-06-16,4691.54,4695.24,4675.42,4695.23,4695.23,0
SP500TR,2017-06-15,4677.81,4696.72,4667.1,4693.86,4693.86,0
SP500TR,2017-06-14,4714.78,4714.78,4685.5,4703.53,4703.53,0
SP500TR,2017-06-13,4695.92,4710.04,4690.44,4707.88,4707.88,0
SP500TR,2017-06-12,4678.76,4687.36,4667.36,4685.54,4685.54,0
SP500TR,2017-06-09,4698.7,4717.6,4660.18,4689.79,4689.79,0
SP500TR,2017-06-08,4694.6,4704.19,4682.39,4693.67,4693.67,0
SP500TR,2017-06-07,4690.16,4696.37,4676.14,4692.29,4692.29,0
SP500TR,2017-06-06,4688.96,4697.16,4681.72,4683.96,4683.96,0
SP500TR,2017-06-05,4700.35,4703.64,4693.63,4697,4697,0
SP500TR,2017-06-02,4687.54,4704.75,4680.68,4702.56,4702.56,0
SP500TR,2017-06-01,4657.33,4685.11,4653.31,4685.11,4685.11,0
SP500TR,2017-05-31,4656.72,4657.33,4633.59,4649.34,4649.34,0
SP500TR,2017-05-30,4648.37,4655.26,4644.14,4650.76,4650.76,0
SP500TR,2017-05-26,4653.11,4657.28,4648.72,4655.65,4655.65,0
SP500TR,2017-05-25,4642.95,4660.46,4640.09,4653.59,4653.59,0
SP500TR,2017-05-24,4626.64,4634.6,4620.06,4632.37,4632.37,0
SP500TR,2017-05-23,4618.04,4625.37,4612.01,4620.7,4620.7,0
SP500TR,2017-05-22,4599,4614.88,4598.44,4612.12,4612.12,0
SP500TR,2017-05-19,4568.4,4602.45,4567.76,4588.35,4588.35,0
SP500TR,2017-05-18,4536.15,4576.58,4532.45,4557.41,4557.41,0
SP500TR,2017-05-17,4590.49,4594.18,4539.2,4540.58,4540.58,0
SP500TR,2017-05-16,4630.71,4632.93,4614.36,4623.26,4623.26,0
SP500TR,2017-05-15,4609.45,4628.84,4609.45,4625.51,4625.51,0
SP500TR,2017-05-12,4605.94,4605.94,4595.82,4602.96,4602.96,0
SP500TR,2017-05-11,4610.46,4612.03,4585.29,4609.69,4609.69,0
SP500TR,2017-05-10,4612.74,4618.31,4605.04,4618.19,4618.19,0
SP500TR,2017-05-09,4620.17,4624.48,4602.64,4611.21,4611.21,0
SP500TR,2017-05-08,4616.82,4619.52,4605.29,4615.73,4615.73,0
SP500TR,2017-05-05,4601.79,4615.1,4596.13,4615.09,4615.09,0
SP500TR,2017-05-04,4596.76,4599.81,4578.66,4596.24,4596.24,0
SP500TR,2017-05-03,4590.17,4596.54,4577.29,4593.32,4593.32,0
SP500TR,2017-05-02,4598.02,4601.61,4588.25,4598.24,4598.24,0
SP500TR,2017-05-01,4593.11,4604.59,4586.13,4592.78,4592.78,0
SP500TR,2017-04-28,4603.06,4603.06,4581.33,4584.82,4584.82,0
SP500TR,2017-04-27,4595.36,4599.9,4581.88,4593.57,4593.57,0
SP500TR,2017-04-26,4593.51,4611.16,4589.47,4590.56,4590.56,0
SP500TR,2017-04-25,4579.08,4600.18,4578.62,4592.74,4592.74,0
SP500TR,2017-04-24,4557.59,4570.37,4555.43,4564.93,4564.93,0
SP500TR,2017-04-21,4527.52,4530.27,4507.97,4515.9,4515.9,0
SP500TR,2017-04-20,4504.35,4540.21,4500.93,4529.65,4529.65,0
SP500TR,2017-04-19,4512.13,4523.25,4489.62,4495.56,4495.56,0
SP500TR,2017-04-18,4503.32,4514.26,4488,4502.66,4502.66,0
SP500TR,2017-04-17,4484.14,4515.9,4483.99,4515.65,4515.65,0
SP500TR,2017-04-13,4502.11,4514.13,4477.06,4477.07,4477.07,0
SP500TR,2017-04-12,4521.65,4522.67,4500.66,4507.76,4507.76,0
SP500TR,2017-04-11,4524.98,4527.43,4493.16,4524.71,4524.71,0
SP500TR,2017-04-10,4530.56,4548.21,4519.68,4530.57,4530.57,0
SP500TR,2017-04-07,4529.21,4542.86,4518.05,4527.2,4527.2,0
SP500TR,2017-04-06,4523.82,4543.74,4514.54,4530.93,4530.93,0
SP500TR,2017-04-05,4547.07,4569.53,4516.19,4520.86,4520.86,0
SP500TR,2017-04-04,4523.88,4534.91,4516.24,4534.25,4534.25,0
SP500TR,2017-04-03,4537.71,4544.43,4503.9,4530.98,4530.98,0
SP500TR,2017-03-31,4542.25,4552.85,4538.02,4538.21,4538.21,0
SP500TR,2017-03-30,4535.5,4552.96,4530.37,4548.46,4548.46,0
SP500TR,2017-03-29,4526.19,4539.27,4519.32,4535.01,4535.01,0
SP500TR,2017-03-28,4493.12,4539.19,4488.97,4529.17,4529.17,0
SP500TR,2017-03-27,4472.56,4502.88,4459.5,4496.53,4496.53,0
SP500TR,2017-03-24,4513.48,4524.51,4485.43,4501.11,4501.11,0
SP500TR,2017-03-23,4504.94,4529.77,4498.01,4504.92,4504.92,0
SP500TR,2017-03-22,4499.18,4516.06,4486.61,4509.65,4509.65,0
SP500TR,2017-03-21,4568.76,4573.68,4496.95,4500.98,4500.98,0
SP500TR,2017-03-20,4566.28,4568.72,4549.84,4557.12,4557.12,0
SP500TR,2017-03-17,4576.65,4580.41,4565.01,4566.17,4566.17,0
SP500TR,2017-03-16,4584.31,4584.96,4564.17,4572.16,4572.16,0
SP500TR,2017-03-15,4550.79,4588.5,4548.14,4579.44,4579.44,0
SP500TR,2017-03-14,4547.2,4547.2,4527.33,4541.26,4541.26,0
SP500TR,2017-03-13,4552.77,4558.03,4546.94,4556.44,4556.44,0
SP500TR,2017-03-10,4553.13,4561.46,4535.02,4553.28,4553.28,0
SP500TR,2017-03-09,4535.71,4546.44,4518.6,4538.36,4538.36,0
SP500TR,2017-03-08,4547.79,4554.05,4530.99,4534.68,4534.68,0
SP500TR,2017-03-07,4548.25,4556.56,4538.22,4543.75,4543.75,0
SP500TR,2017-03-06,4556.57,4563.41,4542.68,4556.72,4556.72,0
SP500TR,2017-03-03,4567.39,4573.06,4556.82,4571.6,4571.6,0
SP500TR,2017-03-02,4593.79,4593.79,4565.9,4569.17,4569.17,0
SP500TR,2017-03-01,4565.38,4605.27,4565.38,4595.73,4595.73,0
SP500TR,2017-02-28,4537.61,4540.87,4523.99,4532.93,4532.93,0
SP500TR,2017-02-27,4535.84,4547.92,4529.4,4544.51,4544.51,0
SP500TR,2017-02-24,4516.98,4539.25,4511.65,4539.25,4539.25,0
SP500TR,2017-02-23,4538.47,4539.92,4514.68,4531.39,4531.39,0
SP500TR,2017-02-22,4525.69,4533.33,4520.38,4528.97,4528.97,0
SP500TR,2017-02-21,4513.39,4535.99,4513.39,4533.46,4533.46,0
SP500TR,2017-02-17,4490.58,4506.2,4484.08,4506.2,4506.2,0
SP500TR,2017-02-16,4503.19,4506.37,4482.61,4498.56,4498.56,0
SP500TR,2017-02-15,4475.8,4505.92,4474.4,4501.99,4501.99,0
SP500TR,2017-02-14,4457.02,4478.98,4449.49,4478.98,4478.98,0
SP500TR,2017-02-13,4447.32,4466.18,4446.76,4459.83,4459.83,0
SP500TR,2017-02-10,4428.09,4441.4,4425.89,4435.42,4435.42,0
SP500TR,2017-02-09,4398.01,4425.5,4398.01,4419.4,4419.4,0
SP500TR,2017-02-08,4383.52,4395.69,4375.59,4393.31,4393.31,0
SP500TR,2017-02-07,4394.21,4400.96,4383.3,4388.87,4388.87,0
SP500TR,2017-02-06,4390.97,4394.6,4380.04,4387.67,4387.67,0
SP500TR,2017-02-03,4379.96,4398.58,4378.72,4396.95,4396.95,0
SP500TR,2017-02-02,4356.89,4370.77,4347.69,4364.85,4364.85,0
SP500TR,2017-02-01,4373.65,4380.41,4348.53,4362.1,4362.1,0
SP500TR,2017-01-31,4350.54,4360.03,4337.53,4359.81,4359.81,0
SP500TR,2017-01-30,4373.45,4373.45,4339.19,4363.67,4363.67,0
SP500TR,2017-01-27,4398.14,4398.14,4383.98,4389.85,4389.85,0
SP500TR,2017-01-26,4397.15,4401.57,4388.49,4393.43,4393.43,0
SP500TR,2017-01-25,4378.42,4398.77,4378.42,4396.57,4396.57,0
SP500TR,2017-01-24,4338.23,4370.12,4335.97,4361.56,4361.56,0
SP500TR,2017-01-23,4338.04,4345.69,4317.45,4333.1,4333.1,0
SP500TR,2017-01-20,4342.08,4355.41,4332.72,4344.67,4344.67,0
SP500TR,2017-01-19,4345.67,4350.3,4319.87,4329.96,4329.96,0
SP500TR,2017-01-18,4340.31,4345.78,4329.45,4345.57,4345.57,0
SP500TR,2017-01-17,4339.6,4345.22,4327.49,4337.2,4337.2,0
SP500TR,2017-01-13,4346.48,4357.71,4344.13,4350.11,4350.11,0
SP500TR,2017-01-12,4343.42,4344.34,4311.22,4342.09,4342.09,0
SP500TR,2017-01-11,4338.47,4351.32,4323.71,4351.32,4351.32,0
SP500TR,2017-01-10,4340.21,4358.45,4331.78,4338.64,4338.64,0
SP500TR,2017-01-09,4347.58,4351.21,4338.61,4338.62,4338.62,0
SP500TR,2017-01-06,4342.88,4363.83,4329.35,4354.05,4354.05,0
SP500TR,2017-01-05,4335.89,4342.24,4321.15,4337.45,4337.45,0
SP500TR,2017-01-04,4323.26,4344.69,4323.26,4340.75,4340.75,0
SP500TR,2017-01-03,4303.12,4326.53,4290.85,4315.08,4315.08,0
SP500TR,2016-12-30,4303.09,4306.7,4268.71,4278.66,4278.66,0
SP500TR,2016-12-29,4298.86,4308.37,4289.42,4298.39,4298.39,0
SP500TR,2016-12-28,4338.25,4340.3,4297.92,4299.45,4299.45,0
SP500TR,2016-12-27,4329.87,4344.26,4329.87,4334.93,4334.93,0
SP500TR,2016-12-23,4318.41,4325.17,4315.71,4325.17,4325.17,0
SP500TR,2016-12-22,4323.1,4323.31,4310.05,4319.33,4319.33,0
SP500TR,2016-12-21,4337.09,4338.4,4326.83,4326.85,4326.85,0
SP500TR,2016-12-20,4329.22,4340.76,4328.55,4337.36,4337.36,0
SP500TR,2016-12-19,4314.73,4330.34,4312.92,4321.02,4321.02,0
SP500TR,2016-12-16,4329.08,4331.39,4305.08,4312.4,4312.4,0
SP500TR,2016-12-15,4304.06,4339.11,4304.06,4319.84,4319.84,0
SP500TR,2016-12-14,4331.71,4346.65,4294.13,4302.93,4302.93,0
SP500TR,2016-12-13,4321.82,4348.89,4321.82,4337.86,4337.86,0
SP500TR,2016-12-12,4312.5,4322.32,4300.17,4308.94,4308.94,0
SP500TR,2016-12-09,4294.9,4314.1,4293.94,4313.61,4313.61,0
SP500TR,2016-12-08,4278.45,4298.53,4271.65,4288.1,4288.1,0
SP500TR,2016-12-07,4219.97,4278.93,4216.77,4278.44,4278.44,0
SP500TR,2016-12-06,4212.55,4223.06,4203.01,4222.04,4222.04,0
SP500TR,2016-12-05,4199.83,4216.39,4198.68,4207.57,4207.57,0
SP500TR,2016-12-02,4181.22,4194.25,4176.01,4182.81,4182.81,0
SP500TR,2016-12-01,4198.49,4203.11,4174.22,4181.15,4181.15,0
SP500TR,2016-11-30,4207.48,4224.9,4195.73,4195.73,4195.73,0
SP500TR,2016-11-29,4198.54,4217.04,4193.62,4205.99,4205.99,0
SP500TR,2016-11-28,4215.58,4217.33,4196.79,4199.39,4199.39,0
SP500TR,2016-11-25,4207.53,4221.03,4207.53,4221.02,4221.02,0
SP500TR,2016-11-23,4192.72,4204.49,4185.01,4204.49,4204.49,0
SP500TR,2016-11-22,4198.32,4204.44,4184.88,4200.95,4200.95,0
SP500TR,2016-11-21,4169.27,4192.65,4169.27,4191.68,4191.68,0
SP500TR,2016-11-18,4170.01,4175.75,4157.68,4160.58,4160.58,0
SP500TR,2016-11-17,4153.64,4171.64,4149.9,4169.87,4169.87,0
SP500TR,2016-11-16,4151.33,4154.5,4141.21,4150.21,4150.21,0
SP500TR,2016-11-15,4132.57,4156.47,4129.12,4155.62,4155.62,0
SP500TR,2016-11-14,4126.55,4137.28,4108.41,4123.81,4123.81,0
SP500TR,2016-11-11,4120.37,4126.47,4100.9,4123.69,4123.69,0
SP500TR,2016-11-10,4129.48,4157.52,4098.56,4129.46,4129.46,0
SP500TR,2016-11-09,4060.65,4134.04,4049.16,4121.03,4121.03,0
SP500TR,2016-11-08,4057.25,4089.27,4045.14,4075.61,4075.61,0
SP500TR,2016-11-07,3999.41,4058.77,3999.41,4058.3,4058.3,0
SP500TR,2016-11-04,3967.38,3996.48,3967.38,3970.02,3970.02,0
SP500TR,2016-11-03,3995.85,4002.93,3970.05,3976.56,3976.56,0
SP500TR,2016-11-02,4014.62,4018.98,3985.35,3992.76,3992.76,0
SP500TR,2016-11-01,4050.74,4056,3992.1,4018.47,4018.47,0
SP500TR,2016-10-31,4052.79,4059.34,4044.72,4045.89,4045.89,0
SP500TR,2016-10-28,4057.44,4073.6,4033.03,4046.36,4046.36,0
SP500TR,2016-10-27,4079.72,4085.57,4057.77,4058.75,4058.75,0
SP500TR,2016-10-26,4066.08,4082.73,4055.86,4070.76,4070.76,0
SP500TR,2016-10-25,4090.29,4093.56,4075.48,4077.8,4077.8,0
SP500TR,2016-10-24,4087.84,4099.76,4084.83,4093.22,4093.22,0
SP500TR,2016-10-21,4070.56,4076.64,4052.84,4073.85,4073.85,0
SP500TR,2016-10-20,4076.4,4085.28,4059.14,4074.18,4074.18,0
SP500TR,2016-10-19,4072.88,4087.39,4067.85,4079.5,4079.5,0
SP500TR,2016-10-18,4067.53,4079.06,4062.16,4069.99,4069.99,0
SP500TR,2016-10-17,4057.33,4062.28,4041.2,4045.07,4045.07,0
SP500TR,2016-10-14,4070.02,4088.09,4057.28,4057.28,4057.28,0
SP500TR,2016-10-13,4052.1,4067.15,4022.62,4056.45,4056.45,0
SP500TR,2016-10-12,4066.05,4080.66,4056.73,4068.92,4068.92,0
SP500TR,2016-10-11,4110.75,4111.04,4048.96,4063.92,4063.92,0
SP500TR,2016-10-10,4108.9,4126.36,4108.9,4115.12,4115.12,0
SP500TR,2016-10-07,4116.13,4119.26,4079.34,4096.25,4096.25,0
SP500TR,2016-10-06,4104.64,4113.4,4089.61,4109.49,4109.49,0
SP500TR,2016-10-05,4098.69,4115.4,4098.69,4107.4,4107.4,0
SP500TR,2016-10-04,4112.65,4116.62,4075.85,4088.17,4088.17,0
SP500TR,2016-10-03,4114.09,4114.24,4095.96,4108.13,4108.13,0
SP500TR,2016-09-30,4098.71,4134.42,4098.71,4121.06,4121.06,0
SP500TR,2016-09-29,4122.24,4129.4,4077.36,4088.47,4088.47,0
SP500TR,2016-09-28,4108.74,4128.79,4089.63,4126.83,4126.83,0
SP500TR,2016-09-27,4077.79,4106.41,4069.32,4104.18,4104.18,0
SP500TR,2016-09-26,4101.35,4101.35,4075.78,4077.71,4077.71,0
SP500TR,2016-09-23,4129.02,4129.63,4111.39,4112.69,4112.69,0
SP500TR,2016-09-22,4124.55,4141.69,4124.55,4136.41,4136.41,0
SP500TR,2016-09-21,4074.41,4113.39,4064.91,4109.63,4109.63,0
SP500TR,2016-09-20,4076.95,4086.16,4064.09,4065.2,4065.2,0
SP500TR,2016-09-19,4073.2,4091.45,4057.85,4063.94,4063.94,0
SP500TR,2016-09-16,4077.87,4077.87,4048.86,4063.97,4063.97,0
SP500TR,2016-09-15,4037.72,4087.01,4032.17,4079.32,4079.32,0
SP500TR,2016-09-14,4041.8,4067.33,4026.7,4037.83,4037.83,0
SP500TR,2016-09-13,4084.45,4084.45,4027.11,4039.92,4039.92,0
SP500TR,2016-09-12,4026.98,4107.51,4023.89,4099.47,4099.47,0
SP500TR,2016-09-09,4118.32,4118.32,4039.95,4039.95,4039.95,0
SP500TR,2016-09-08,4144.23,4148.37,4134.22,4141.46,4141.46,0
SP500TR,2016-09-07,4148.63,4153.66,4137.05,4150.51,4150.51,0
SP500TR,2016-09-06,4140.87,4150.29,4128.52,4150.11,4150.11,0
SP500TR,2016-09-02,4132.96,4146.93,4125.62,4137.7,4137.7,0
SP500TR,2016-09-01,4121.06,4125.27,4094.03,4120.17,4120.17,0
SP500TR,2016-08-31,4125.24,4125.53,4102.11,4120.29,4120.29,0
SP500TR,2016-08-30,4135.65,4140.89,4118.52,4129.34,4129.34,0
SP500TR,2016-08-29,4117.42,4142.63,4117.42,4136.75,4136.75,0
SP500TR,2016-08-26,4126.17,4150.36,4098.29,4114.68,4114.68,0
SP500TR,2016-08-25,4122.65,4133.44,4115.93,4121.09,4121.09,0
SP500TR,2016-08-24,4144.96,4147.86,4118.71,4126.65,4126.65,0
SP500TR,2016-08-23,4149.89,4160.49,4147.99,4148.16,4148.16,0
SP500TR,2016-08-22,4137.96,4144.73,4127.32,4139.97,4139.97,0
SP500TR,2016-08-19,4142.93,4144.37,4125.67,4142.23,4142.23,0
SP500TR,2016-08-18,4137.92,4147.65,4135.21,4147.64,4147.64,0
SP500TR,2016-08-17,4130.12,4140.03,4112.47,4138.42,4138.42,0
SP500TR,2016-08-16,4145.01,4145.01,4129.66,4129.68,4129.68,0
SP500TR,2016-08-15,4143.98,4158.63,4143.98,4151.69,4151.69,0
SP500TR,2016-08-12,4139.04,4143.82,4130.87,4139.63,4139.63,0
SP500TR,2016-08-11,4127.89,4147.74,4127.89,4142.72,4142.72,0
SP500TR,2016-08-10,4136.52,4137.47,4116.08,4122.65,4122.65,0
SP500TR,2016-08-09,4133.92,4144.14,4127.06,4132.96,4132.96,0
SP500TR,2016-08-08,4136.63,4139.8,4125.46,4131.19,4131.19,0
SP500TR,2016-08-05,4107.89,4134.56,4107.89,4134.56,4134.56,0
SP500TR,2016-08-04,4097.8,4106.64,4089.41,4099.21,4099.21,0
SP500TR,2016-08-03,4084.08,4097.3,4076.07,4097.3,4097.3,0
SP500TR,2016-08-02,4107.69,4108.18,4065.38,4083.25,4083.25,0
SP500TR,2016-08-01,4113.66,4123.37,4100.53,4109.28,4109.28,0
SP500TR,2016-07-29,4105.47,4121.11,4095.36,4114.51,4114.51,0
SP500TR,2016-07-28,4100.17,4113.04,4088.24,4107.75,4107.75,0
SP500TR,2016-07-27,4106.92,4116.69,4086.75,4100.81,4100.81,0
SP500TR,2016-07-26,4105.19,4113.84,4088.55,4105.57,4105.57,0
SP500TR,2016-07-25,4114.03,4114.03,4091.77,4104.13,4104.13,0
SP500TR,2016-07-22,4100.3,4116.66,4094.21,4116.5,4116.5,0
SP500TR,2016-07-21,4112.47,4115.56,4087.57,4097.82,4097.82,0
SP500TR,2016-07-20,4099.52,4117.55,4097.23,4112.61,4112.61,0
SP500TR,2016-07-19,4094.63,4096.22,4085.58,4094.61,4094.61,0
SP500TR,2016-07-18,4091.22,4103.16,4086.72,4100.4,4100.4,0
SP500TR,2016-07-15,4096.9,4104.26,4079.25,4090.49,4090.49,0
SP500TR,2016-07-14,4083.18,4104.11,4083.18,4094.28,4094.28,0
SP500TR,2016-07-13,4075.39,4080.39,4061.05,4072.77,4072.77,0
SP500TR,2016-07-12,4047.94,4077.89,4047.94,4071.85,4071.85,0
SP500TR,2016-07-11,4033.2,4054.84,4033.2,4043.49,4043.49,0
SP500TR,2016-07-08,3986.37,4033.1,3986.37,4029.75,4029.75,0
SP500TR,2016-07-07,3973.96,3990.27,3953.15,3969.19,3969.19,0
SP500TR,2016-07-06,3943.32,3974.11,3923.65,3972.26,3972.26,0
SP500TR,2016-07-05,3962.02,3962.02,3935.2,3949.72,3949.72,0
SP500TR,2016-07-01,3969.85,3987.54,3967.18,3976.68,3976.68,0
SP500TR,2016-06-30,3919.64,3968.35,3913.67,3968.21,3968.21,0
SP500TR,2016-06-29,3862.02,3919.56,3862.02,3915.1,3915.1,0
SP500TR,2016-06-28,3793.44,3849.05,3793.44,3849.05,3849.05,0
SP500TR,2016-06-27,3839.44,3839.44,3764.35,3781.02,3781.02,0
SP500TR,2016-06-24,3976.2,3976.2,3841.77,3850.7,3850.7,0
SP500TR,2016-06-23,3955.4,3994.18,3955.4,3994.18,3994.18,0
SP500TR,2016-06-22,3949.58,3968.41,3939.41,3941.45,3941.45,0
SP500TR,2016-06-21,3940.93,3956.94,3936.83,3947.94,3947.94,0
SP500TR,2016-06-20,3922.42,3969.81,3922.42,3936.91,3936.91,0
SP500TR,2016-06-17,3927.34,3927.34,3898.37,3914.15,3914.15,0
SP500TR,2016-06-16,3904.95,3930,3874.74,3926.93,3926.93,0
SP500TR,2016-06-15,3925.54,3940.72,3910.81,3914.02,3914.02,0
SP500TR,2016-06-14,3923.45,3932.14,3899.89,3920.93,3920.93,0
SP500TR,2016-06-13,3951.7,3963.5,3926.61,3927.73,3927.73,0
SP500TR,2016-06-10,3984.17,3984.17,3947.14,3958.68,3958.68,0
SP500TR,2016-06-09,3995.61,3999.36,3980.67,3995.28,3995.28,0
SP500TR,2016-06-08,3989.88,4004.69,3989.88,4001.98,4001.98,0
SP500TR,2016-06-07,3984.29,4001.34,3984.29,3987.96,3987.96,0
SP500TR,2016-06-06,3966.55,3990.21,3966.55,3982.74,3982.74,0
SP500TR,2016-06-03,3972.56,3972.56,3937.29,3963.23,3963.23,0
SP500TR,2016-06-02,3960.5,3974.76,3943.3,3974.76,3974.76,0
SP500TR,2016-06-01,3952.93,3966.19,3936.33,3963.1,3963.1,0
SP500TR,2016-05-31,3963.93,3970.23,3942.28,3957.95,3957.95,0
SP500TR,2016-05-27,3944.68,3961.67,3944.68,3961.67,3961.67,0
SP500TR,2016-05-26,3946.58,3951.82,3938.37,3944.05,3944.05,0
SP500TR,2016-05-25,3922.42,3952.22,3922.42,3944.33,3944.33,0
SP500TR,2016-05-24,3872.61,3923.58,3872.61,3916.77,3916.77,0
SP500TR,2016-05-23,3871.71,3878,3862.36,3863.82,3863.82,0
SP500TR,2016-05-20,3852.06,3883.13,3852.06,3871.75,3871.75,0
SP500TR,2016-05-19,3855.84,3855.84,3821.53,3847.97,3847.97,0
SP500TR,2016-05-18,3856.13,3886.7,3837.53,3862.25,3862.25,0
SP500TR,2016-05-17,3894.5,3895.45,3848.92,3860.88,3860.88,0
SP500TR,2016-05-16,3858.41,3906.2,3858.41,3896.36,3896.36,0
SP500TR,2016-05-13,3888.12,3896.17,3851.62,3858.17,3858.17,0
SP500TR,2016-05-12,3896.62,3909.47,3870.18,3890.85,3890.85,0
SP500TR,2016-05-11,3926.6,3926.6,3891.13,3891.13,3891.13,0
SP500TR,2016-05-10,3885.64,3927.5,3885.64,3926.63,3926.63,0
SP500TR,2016-05-09,3875.99,3888.41,3869.91,3878.14,3878.14,0
SP500TR,2016-05-06,3857.53,3876.23,3841.9,3875.18,3875.18,0
SP500TR,2016-05-05,3866.77,3880.46,3853.27,3862.4,3862.4,0
SP500TR,2016-05-04,3879.68,3879.68,3851.94,3862.4,3862.4,0
SP500TR,2016-05-03,3910.63,3910.63,3868.71,3884.63,3884.63,0
SP500TR,2016-05-02,3891.68,3922.27,3889.69,3918.53,3918.53,0
SP500TR,2016-04-29,3900.41,3903.16,3863.66,3888.13,3888.13,0
SP500TR,2016-04-28,3936.34,3952.08,3900.26,3907.88,3907.88,0
SP500TR,2016-04-27,3938.7,3952.92,3919.92,3944.02,3944.02,0
SP500TR,2016-04-26,3933.73,3946.94,3926.16,3937.23,3937.23,0
SP500TR,2016-04-25,3932.84,3932.84,3910.58,3929.88,3929.88,0
SP500TR,2016-04-22,3936.83,3942.03,3917.5,3937,3937,0
SP500TR,2016-04-21,3956.77,3959.95,3931.28,3936.8,3936.8,0
SP500TR,2016-04-20,3955.6,3973.53,3945.85,3957.25,3957.25,0
SP500TR,2016-04-19,3945.07,3960.09,3936.85,3954.01,3954.01,0
SP500TR,2016-04-18,3912.66,3942.38,3902.99,3941.86,3941.86,0
SP500TR,2016-04-15,3920.62,3920.62,3907.9,3916.17,3916.17,0
SP500TR,2016-04-14,3920.23,3929.51,3911.29,3920.03,3920.03,0
SP500TR,2016-04-13,3887.9,3920.33,3887.9,3918.95,3918.95,0
SP500TR,2016-04-12,3845.55,3885.65,3838.06,3879.42,3879.42,0
SP500TR,2016-04-11,3857.68,3881.5,3842.02,3842.17,3842.17,0
SP500TR,2016-04-08,3848.85,3877.25,3841.65,3852.72,3852.72,0
SP500TR,2016-04-07,3881.68,3881.68,3826.77,3841.98,3841.98,0
SP500TR,2016-04-06,3848.72,3889.64,3844.22,3888.41,3888.41,0
SP500TR,2016-04-05,3879.19,3879.19,3841.68,3846.59,3846.59,0
SP500TR,2016-04-04,3899.28,3900.82,3879.31,3886,3886,0
SP500TR,2016-04-01,3867.28,3901.95,3843.51,3897.66,3897.66,0
SP500TR,2016-03-31,3880.69,3888.49,3868.86,3873.11,3873.11,0
SP500TR,2016-03-30,3870.34,3896.5,3870.34,3881.01,3881.01,0
SP500TR,2016-03-29,3827.59,3865.47,3813.72,3863.8,3863.8,0
SP500TR,2016-03-28,3830.84,3839.82,3819.69,3829.26,3829.26,0
SP500TR,2016-03-24,3820.64,3827.31,3802.03,3827.14,3827.14,0
SP500TR,2016-03-23,3850.83,3850.83,3825.21,3828.58,3828.58,0
SP500TR,2016-03-22,3850.99,3865.93,3835.84,3853.18,3853.18,0
SP500TR,2016-03-21,3848.98,3860.31,3840.07,3855.97,3855.97,0
SP500TR,2016-03-18,3836.33,3857.38,3836.33,3852.15,3852.15,0
SP500TR,2016-03-17,3809.53,3845.84,3800.64,3835.26,3835.26,0
SP500TR,2016-03-16,3785.7,3819.02,3777.94,3810.09,3810.09,0
SP500TR,2016-03-15,3787.39,3788.64,3768.54,3788.62,3788.62,0
SP500TR,2016-03-14,3794.83,3804.77,3781.38,3795.53,3795.53,0
SP500TR,2016-03-11,3748.45,3800.34,3748.45,3800.07,3800.07,0
SP500TR,2016-03-10,3740.37,3766.86,3699.59,3737.74,3737.74,0
SP500TR,2016-03-09,3722.22,3743.35,3719.29,3736.92,3736.92,0
SP500TR,2016-03-08,3750.58,3750.58,3714.13,3717.49,3717.49,0
SP500TR,2016-03-07,3748.44,3767.22,3735.81,3759.05,3759.05,0
SP500TR,2016-03-04,3744.25,3772.64,3730.79,3755.47,3755.47,0
SP500TR,2016-03-03,3728.37,3743.56,3712.96,3743.02,3743.02,0
SP500TR,2016-03-02,3711.09,3729.64,3696.45,3729.59,3729.59,0
SP500TR,2016-03-01,3636.25,3713.7,3636.25,3713.7,3713.7,0
SP500TR,2016-02-29,3655.03,3675.94,3626.35,3627.06,3627.06,0
SP500TR,2016-02-26,3669.36,3684.39,3652.17,3656.42,3656.42,0
SP500TR,2016-02-25,3625.63,3663.03,3613.59,3662.84,3662.84,0
SP500TR,2016-02-24,3597.91,3625.12,3548.14,3620.87,3620.87,0
SP500TR,2016-02-23,3644.29,3644.29,3601.27,3604.68,3604.68,0
SP500TR,2016-02-22,3610.41,3652.15,3610.41,3649.92,3649.92,0
SP500TR,2016-02-19,3595.96,3599.77,3568.67,3597.92,3597.92,0
SP500TR,2016-02-18,3615.75,3620.01,3592.34,3597.49,3597.49,0
SP500TR,2016-02-17,3561.6,3621.39,3561.6,3614.16,3614.16,0
SP500TR,2016-02-16,3509.94,3555.47,3509.94,3555.2,3555.2,0
SP500TR,2016-02-12,3437.47,3496.29,3437.47,3496.28,3496.28,0
SP500TR,2016-02-11,3462.58,3462.58,3393.43,3428.99,3428.99,0
SP500TR,2016-02-10,3480.85,3526.66,3468.15,3471.04,3471.04,0
SP500TR,2016-02-09,3463.48,3500.1,3438.19,3470.5,3470.5,0
SP500TR,2016-02-08,3509.19,3509.19,3425.31,3472.08,3472.08,0
SP500TR,2016-02-05,3583.44,3583.44,3507.82,3521.6,3521.6,0
SP500TR,2016-02-04,3580.64,3610,3559.89,3587.71,3587.71,0
SP500TR,2016-02-03,3571.3,3591.46,3506.12,3581.53,3581.53,0
SP500TR,2016-02-02,3622.85,3622.85,3551.77,3562.52,3562.52,0
SP500TR,2016-02-01,3625.89,3644.91,3594.74,3630.46,3630.46,0
SP500TR,2016-01-29,3545.4,3631.96,3545.4,3631.96,3631.96,0
SP500TR,2016-01-28,3528.9,3561.96,3507.25,3544.13,3544.13,0
SP500TR,2016-01-27,3560.97,3588.01,3505.18,3524.33,3524.33,0
SP500TR,2016-01-26,3516.32,3568.53,3516.32,3562.81,3562.81,0
SP500TR,2016-01-25,3567.76,3567.76,3511.04,3513.11,3513.11,0
SP500TR,2016-01-22,3513.68,3572.41,3513.68,3568.9,3568.9,0
SP500TR,2016-01-21,3483.85,3536.78,3460.51,3497.94,3497.94,0
SP500TR,2016-01-20,3511.28,3511.28,3391.77,3479.75,3479.75,0
SP500TR,2016-01-19,3534.11,3558.01,3489.13,3520.4,3520.4,0
SP500TR,2016-01-15,3586.53,3586.53,3476.53,3518.51,3518.51,0
SP500TR,2016-01-14,3539.6,3619.67,3516.14,3596.03,3596.03,0
SP500TR,2016-01-13,3630.58,3649.27,3529.98,3536.92,3536.92,0
SP500TR,2016-01-12,3606.77,3643.34,3581.55,3627.06,3627.06,0
SP500TR,2016-01-11,3603.55,3621.34,3556.87,3598.97,3598.97,0
SP500TR,2016-01-08,3640.69,3667.68,3589.46,3595.91,3595.91,0
SP500TR,2016-01-07,3714.29,3714.29,3627.32,3635.29,3635.29,0
SP500TR,2016-01-06,3763.55,3763.55,3702.47,3723.44,3723.44,0
SP500TR,2016-01-05,3766.08,3781.27,3748.15,3771.57,3771.57,0
SP500TR,2016-01-04,3811.74,3811.74,3721.04,3763.99,3763.99,0
